ListingId,LotArea,OverallQual,OverallCond,TotalBsmtSF,FullBath,HalfBath,BedroomAbvGr,TotRmsAbvGrd,Fireplaces,GarageArea,YearBuilt,LotFrontage,MonthSold,State,District,HouseStyle,CentralAir,SaleCondition,SalePrice
677742,8450,7,5,856,2,1,3,8,0,548,1970,64,7,IL,Larkspur,Townhouse,N,Normal,172700
551423,9600,6,8,1262,2,0,3,6,1,460,1935,73,11,CA,Greenfield,2Story,Y,Normal,369700
237268,11250,7,5,920,2,1,3,6,1,608,1949,80,9,AZ,Fernwood,1Story,Y,Normal,165700
579284,9550,7,5,756,1,0,3,7,1,642,1924,72,7,FL,Stonegate,2Story,Y,Normal,164300
598125,14260,8,5,1145,2,1,4,9,1,836,1951,87,2,NC,Xavier Park,Loft,Y,Normal,283700
357413,14115,5,5,796,1,1,1,5,0,480,1944,87,8,FL,Stonegate,Townhouse,Y,Alloca,106200
321696,10084,8,5,1686,2,0,3,7,1,636,1949,69,8,WA,Vinehill,2Story,Y,Normal,267100
373932,10382,7,6,1107,2,1,3,7,2,484,1971,77,5,OH,Pembroke,2Story,Y,Normal,173000
747888,6120,7,5,952,2,0,2,8,2,468,1953,41,8,CO,Belmont,2Story,Y,Partial,288500
907357,7420,5,6,991,1,0,2,5,2,205,1938,67,5,CO,Clearwater,Ranch,Y,Normal,196000
454266,11200,5,5,1040,1,0,3,5,0,384,1953,67,4,MA,Pinecrest,SplitLevel,Y,Normal,181200
919746,11924,9,5,1175,3,0,4,11,2,736,1976,73,11,IL,Jasper Flats,Ranch,Y,Partial,489900
288787,12968,5,6,912,1,0,2,4,0,352,1916,79,4,FL,Redstone,2Story,N,Normal,162000
439322,10652,7,5,1494,2,0,3,7,1,840,1947,66,1,TX,Granite Hills,Ranch,Y,Partial,252400
427513,10920,6,5,1253,1,1,2,5,1,352,1937,59,5,IN,Underhill,1Story,Y,Normal,114700
788691,6120,7,8,832,1,0,2,5,0,576,1945,59,6,WA,Union Heights,2Story,Y,Normal,274300
535722,11241,6,7,1004,1,0,2,5,1,480,1944,,8,MA,Pinecrest,2Story,N,Abnorml,210900
956967,10791,4,5,0,2,0,2,6,0,516,1919,68,10,CO,Glenmoor,1Story,Y,Family,129300
890083,13695,5,5,1114,1,1,3,6,0,576,1936,81,11,NC,Trellis Park,1Story,Y,Partial,150200
263678,7560,5,6,1029,1,0,3,6,0,294,1925,56,8,FL,Quinton,SplitLevel,Y,Normal,151700
806645,14215,8,5,1158,3,1,4,9,1,853,1965,81,1,CA,Cedar Park,1Story,N,Normal,376800
999685,7449,7,7,637,1,0,3,6,1,280,1941,65,1,TX,Highpoint,1Story,Y,Normal,171300
607790,9742,8,5,1777,2,0,3,7,1,534,1966,77,8,IN,Willowbrook,Loft,Y,Normal,257600
446361,4224,5,7,1040,1,0,3,6,1,572,1928,38,3,WA,Westbrook,Townhouse,Y,Normal,161600
846230,8246,5,8,1060,1,0,3,6,1,270,1949,56,1,CO,Belmont,1Story,Y,Normal,175900
693364,14230,8,5,1566,2,0,3,7,1,890,1970,95,2,WA,Thornbury,2Story,Y,Normal,396500
335273,7200,5,7,900,1,0,3,5,0,576,1950,68,9,OH,Pembroke,1Story,Y,Normal,112500
389224,11478,8,5,1704,2,0,3,7,1,772,1969,70,11,CA,Northgate,2Story,Y,Normal,454600
610011,16321,5,6,1484,1,0,2,6,2,319,1931,94,8,FL,Quinton,SplitLevel,Y,Normal,197900
872218,6324,4,6,520,1,0,1,4,0,240,1955,65,7,WA,Union Heights,1Story,N,Partial,133500
656528,8500,4,4,649,1,0,3,6,0,250,1925,64,4,IL,Larkspur,1Story,Y,Normal,125500
676389,8544,5,6,1228,1,1,3,6,0,271,1936,,9,FL,Prairie View,1Story,Y,Normal,147900
326974,11049,8,5,1234,2,0,3,7,0,484,1941,69,1,NC,Wheatfield,Ranch,Y,Normal,223300
375296,10552,5,5,1398,1,1,4,6,1,447,1932,79,8,OH,Norwood,Ranch,N,Partial,150100
103437,7313,9,5,1561,2,0,2,6,1,556,1970,44,6,OH,Overlook,Townhouse,Y,Normal,284700
751906,13418,8,5,1117,3,1,4,9,1,691,1979,81,10,CO,Glenmoor,1Story,Y,Partial,449100
869077,10859,5,5,1097,1,1,3,6,0,672,1945,77,6,NC,Valley Forge,2Story,Y,Partial,165500
602086,8532,5,6,1297,1,0,3,5,1,498,1916,65,10,TX,Granite Hills,Loft,Y,Abnorml,113100
447529,7922,5,7,1057,1,0,3,5,0,246,1933,57,11,IN,Willowbrook,1Story,N,Normal,113700
948006,6040,4,5,0,2,0,2,6,0,0,1927,64,10,IN,Verdant Oaks,SplitLevel,N,Normal,62300
110518,8658,6,5,1088,2,0,3,6,1,440,1940,63,7,TX,Lindenwood,Ranch,Y,Normal,159600
707210,16905,5,6,1350,1,1,2,5,2,308,1935,93,6,NC,Trellis Park,Townhouse,Y,Normal,138100
712822,9180,5,7,840,1,0,2,5,0,504,1930,59,5,CA,Cedar Park,2Story,Y,Normal,211500
906067,9200,5,6,938,1,0,3,5,0,308,1936,68,3,NC,Trellis Park,Ranch,Y,Normal,113400
664154,7945,5,6,1150,1,0,3,6,0,300,1916,77,2,TX,Highpoint,1Story,N,Normal,100000
538489,7658,9,5,1752,2,0,2,6,1,576,1996,63,8,OH,Pembroke,SplitLevel,Y,Normal,244000
877397,12822,7,5,1434,1,1,1,6,1,670,1941,85,3,TX,Lindenwood,2Story,Y,Normal,226200
610609,11096,8,5,1656,2,0,3,7,0,826,1963,80,11,MA,Northfield,2Story,Y,Normal,320500
271101,4456,4,5,736,2,0,2,8,0,0,1940,38,7,OH,Pembroke,Ranch,Y,Normal,77600
310132,7742,5,7,955,1,0,3,6,0,386,1944,67,10,IL,Millbrook,Townhouse,Y,Normal,154200
271124,13869,6,6,794,2,0,3,6,0,388,1946,78,11,WA,Westbrook,SplitLevel,Y,Normal,193700
856700,6240,6,6,816,1,0,3,6,1,528,1961,54,11,OH,Rosewood,Ranch,N,Partial,132300
372981,8472,5,5,816,1,0,2,5,0,516,1944,68,5,WA,Thornbury,1Story,Y,Normal,191300
978275,50271,9,5,1842,0,1,0,5,1,894,1978,167,6,TX,Highpoint,2Story,Y,Normal,409700
228033,7134,5,5,384,1,0,3,6,1,572,1915,55,12,WA,Yorkfield,2Story,Y,Normal,149100
913365,10175,6,5,1425,2,0,3,7,1,576,1956,69,10,IN,Willowbrook,2Story,N,Family,195300
140146,2645,8,5,970,2,1,3,7,0,480,1972,47,7,IN,Underhill,Townhouse,Y,Normal,154000
350220,11645,7,5,860,2,1,3,7,0,565,1974,80,3,TX,Lindenwood,SplitLevel,Y,Normal,193400
314764,13682,10,5,1410,3,1,3,10,1,641,1990,86,4,IN,Summit Park,Townhouse,Y,Normal,321700
871452,7200,5,7,780,1,0,2,4,0,352,1936,45,6,MA,Northfield,SplitLevel,Y,Normal,162700
814411,13072,6,5,1158,1,1,3,5,0,576,1971,70,9,AZ,Birchwood,2Story,Y,Normal,177400
143296,7200,5,7,530,1,0,3,6,0,288,1943,62,6,WA,Thornbury,1Story,Y,Normal,169000
665123,6442,8,5,1370,2,0,2,6,1,484,1947,,8,IL,Inglewood,Ranch,Y,Normal,224300
138307,10300,7,6,576,2,0,3,9,0,480,1966,78,4,NY,Lakeshore,2Story,Y,Normal,397000
247362,9375,7,5,1057,2,1,3,8,0,645,1966,77,7,OH,Overlook,1Story,Y,Partial,251100
410768,9591,8,5,1143,2,1,4,9,1,852,1966,74,7,FL,Prairie View,Townhouse,Y,Normal,252200
153648,19900,7,5,1947,2,0,3,7,1,576,1952,91,9,IL,Larkspur,Ranch,Y,Normal,240800
544549,10665,7,5,1453,2,0,3,7,0,558,1933,71,8,CO,Clearwater,Townhouse,Y,Normal,265200
371728,4608,4,6,747,1,0,2,4,0,220,1920,48,6,NY,Juniper Hill,Loft,N,Abnorml,138700
173332,15593,7,4,1304,2,0,3,7,1,667,1965,89,10,NC,Xavier Park,Townhouse,Y,Partial,272500
744684,13651,7,6,2223,2,0,3,8,2,516,1947,74,4,MA,Silverlake,Loft,Y,Partial,486500
848806,7599,4,6,845,1,0,2,4,0,360,1921,68,3,TX,Lindenwood,2Story,Y,Normal,119100
496078,10141,7,5,832,2,1,3,7,1,427,1944,63,12,CO,Clearwater,SplitLevel,Y,Normal,280700
815357,10200,5,7,1086,1,0,3,6,0,490,1924,69,1,TX,Highpoint,Ranch,Y,Partial,143800
710061,5790,3,6,840,2,0,3,8,0,379,1936,65,10,NY,Kingsport,Ranch,Y,Normal,217100
243874,1596,4,5,462,1,0,2,5,0,297,1926,21,6,AZ,Amberton,SplitLevel,Y,Normal,68300
936428,8475,4,7,952,1,0,2,4,0,283,1930,71,2,CA,Brookhaven,Townhouse,Y,Partial,171600
479633,8635,5,5,672,1,0,2,6,0,240,1951,56,11,AZ,Edgewater,1Story,Y,Normal,102000
212762,10778,4,5,1768,2,0,4,8,0,0,1935,72,8,FL,Stonegate,1Story,Y,Normal,140900
982439,10440,5,6,440,1,1,2,5,0,440,1950,86,10,FL,Stonegate,SplitLevel,N,Normal,108100
782188,13000,6,6,896,2,1,4,8,1,509,1936,95,11,CA,Elmwood,SplitLevel,Y,Normal,308800
202585,4500,6,5,1237,2,0,2,5,0,405,1919,47,8,TX,Highpoint,Ranch,Y,Normal,132200
271180,10206,8,5,1563,2,0,3,6,1,758,1957,63,4,OH,Overlook,SplitLevel,Y,Normal,282800
441262,8892,5,5,1065,1,1,3,6,0,461,1941,60,5,CA,Elmwood,Townhouse,Y,Normal,206600
147964,8530,7,5,384,2,1,3,7,1,400,1966,59,3,NY,Ironbridge,Townhouse,Y,Normal,248000
119987,16059,8,5,1288,2,1,4,9,1,462,1966,77,10,NC,Wheatfield,Ranch,Y,Partial,270900
447451,11911,6,5,684,2,1,3,6,1,400,1953,76,7,MA,Pinecrest,1Story,Y,Partial,237500
897774,3951,6,5,612,2,1,2,4,0,528,1931,49,10,OH,Pembroke,2Story,Y,Abnorml,108000
319954,8470,3,2,1013,1,0,2,6,0,0,1932,63,7,CO,Belmont,Ranch,Y,Normal,93500
682003,8070,4,5,990,1,0,3,5,0,0,1905,61,12,CO,Glenmoor,Townhouse,N,Normal,114300
879857,7200,4,5,0,1,0,2,4,0,420,1918,62,6,NY,Ironbridge,Ranch,Y,Normal,121000
334925,8500,5,3,1235,1,0,2,6,0,480,1948,77,5,IN,Willowbrook,SplitLevel,Y,Alloca,112800
822656,13360,5,7,876,1,0,2,5,0,432,1925,74,5,MA,Riverton,2Story,Y,Abnorml,163600
705022,7200,6,6,1214,2,0,4,9,1,506,1965,67,8,CA,Brookhaven,Townhouse,Y,Normal,263000
666326,9337,6,5,824,2,1,3,7,0,684,1952,71,6,WA,Thornbury,SplitLevel,Y,Normal,293000
454836,9765,6,8,680,2,1,3,6,1,420,1961,68,4,AZ,Copper Ridge,Ranch,N,Abnorml,154400
543716,10264,7,5,1588,2,0,3,6,0,472,1936,65,9,CA,Greenfield,2Story,N,Abnorml,329500
243603,10921,4,5,960,1,0,3,6,0,432,1914,70,5,IN,Zephyr Cove,2Story,Y,Normal,102400
931880,10625,5,5,458,1,0,2,5,0,366,1942,71,8,MA,Silverlake,1Story,N,Normal,172100
613658,9320,4,5,950,1,1,3,6,0,0,1943,60,5,IL,Inglewood,1Story,Y,Normal,148200
115867,10603,6,7,1610,2,0,3,6,2,480,1935,73,11,NY,Harborview,1Story,Y,Normal,336800
142776,9206,6,5,741,2,1,3,7,1,476,1942,70,8,NC,Upland,SplitLevel,Y,Normal,252600
195289,7018,5,5,0,2,0,4,8,0,410,1958,62,9,NY,Lakeshore,Townhouse,Y,Normal,164400
778463,10402,7,5,1226,2,0,3,6,0,740,1940,79,11,CA,Fairview,1Story,Y,Normal,311000
136075,7758,7,4,1040,1,1,4,7,2,240,1964,68,7,CO,Eastvale,2Story,N,Normal,265500
702978,9375,8,5,1053,2,1,3,9,1,648,1997,69,10,IL,Millbrook,2Story,N,Normal,274200
853682,10800,4,7,641,1,0,2,6,0,273,1934,79,3,IL,Hazelton,SplitLevel,N,Normal,103300
587732,6000,5,5,789,1,0,2,5,0,250,1937,60,2,FL,Stonegate,1Story,Y,Abnorml,89200
747989,8500,5,7,793,2,0,3,7,0,0,1933,69,5,FL,Orchard Bay,1Story,Y,Partial,146200
928327,11751,6,6,1844,2,0,3,7,1,546,1950,79,11,CA,Elmwood,2Story,N,Normal,333900
687244,9525,6,4,994,2,0,4,7,0,325,1955,58,1,IL,Larkspur,1Story,N,Abnorml,146700
125121,7750,7,5,384,2,1,3,7,1,400,1956,72,8,AZ,Edgewater,2Story,N,Abnorml,175700
650379,9965,7,5,1264,2,1,4,10,1,792,1993,84,10,AZ,Edgewater,Loft,Y,Normal,269200
668365,21000,6,5,1809,2,0,3,7,2,450,1963,122,2,CA,Northgate,2Story,N,Normal,301700
278740,7259,6,8,1028,2,1,3,9,1,180,1939,55,5,TX,Lindenwood,1Story,Y,Normal,207200
582659,3230,6,5,729,2,1,2,5,1,440,1933,,11,NY,Ironbridge,2Story,Y,Normal,225700
251840,11616,5,5,1092,1,0,3,6,1,288,1933,75,9,CA,Northgate,Townhouse,Y,Partial,186300
267156,8536,5,5,1125,1,1,2,5,0,430,1942,55,9,MA,Pinecrest,SplitLevel,Y,Normal,173200
287486,12376,7,5,1673,3,0,5,11,2,594,1942,79,7,IL,Kenwood,Ranch,Y,Normal,293800
730136,8461,6,5,728,2,1,3,8,1,390,1946,65,7,IN,Summit Park,2Story,N,Normal,132600
322396,21453,6,5,938,1,0,1,4,2,540,1950,99,7,OH,Marbleton,2Story,Y,Normal,171000
834016,6060,4,5,732,1,0,3,4,0,264,1906,,9,TX,Kestrel Point,1Story,Y,Normal,99200
801650,9464,6,7,1080,1,0,3,5,0,288,1929,71,11,CA,Northgate,Townhouse,N,Normal,179100
376078,7892,6,5,1199,2,0,2,5,0,530,1937,,4,MA,Quarry Bend,1Story,N,Partial,186000
453028,17043,6,5,1362,2,0,3,7,1,435,1963,98,1,IN,Verdant Oaks,1Story,Y,Partial,161700
187991,6780,6,8,520,1,0,2,5,0,0,1939,56,7,WA,Westbrook,1Story,Y,Normal,147800
571837,4928,6,5,1078,2,0,2,5,1,440,1967,38,11,WA,Thornbury,Ranch,N,Normal,180900
315772,4388,5,7,672,1,0,3,5,1,0,1959,45,11,OH,Quailridge,1Story,Y,Normal,104900
188785,7590,6,5,660,1,1,3,6,1,453,1965,75,2,AZ,Copper Ridge,1Story,Y,Normal,161700
657614,8973,5,7,1008,1,1,3,6,0,750,1914,69,6,OH,Marbleton,1Story,Y,Alloca,121200
866058,14200,7,6,924,2,1,4,8,2,487,1976,73,10,NY,Ironbridge,Ranch,Y,Normal,282000
945329,12224,6,5,992,2,1,3,7,1,390,1968,80,9,TX,Highpoint,SplitLevel,Y,Normal,179100
546445,7388,5,6,1063,1,0,3,7,0,624,1929,54,6,CA,Fairview,Loft,N,Abnorml,231800
830954,6853,8,5,1267,2,0,2,6,0,471,1961,66,3,IL,Hazelton,2Story,Y,Normal,195700
751916,10335,5,6,1461,2,1,3,7,1,440,1942,78,10,IN,Summit Park,2Story,Y,Normal,127400
862671,10400,7,6,1304,2,0,3,7,1,530,1957,,6,CA,Cedar Park,Ranch,Y,Partial,411000
781831,10355,5,5,1214,2,0,3,5,1,318,1924,72,5,CA,Greenfield,Ranch,Y,Family,265800
600482,11070,7,5,1907,3,0,5,9,0,766,1932,64,4,MA,Silverlake,1Story,Y,Normal,426700
391784,9066,8,5,1004,2,1,3,7,2,660,1961,71,9,IN,Zephyr Cove,Ranch,Y,Normal,191100
930846,15426,6,5,928,2,1,3,7,0,470,1943,89,12,WA,Ashcroft,SplitLevel,Y,Normal,195800
596631,10500,4,5,864,1,0,3,5,1,0,1921,77,7,CA,Northgate,Ranch,N,Normal,142500
411306,11645,7,5,1734,2,0,3,7,0,660,1966,88,6,IN,Underhill,Ranch,Y,Normal,185600
646661,8520,5,4,910,2,0,4,6,0,720,1943,75,8,IN,Verdant Oaks,2Story,Y,Normal,111500
156821,10335,7,5,1490,2,0,3,6,0,577,1942,62,5,AZ,Fernwood,Townhouse,Y,Normal,180100
763469,9100,5,5,1728,2,0,6,10,0,504,1933,75,4,WA,Ashcroft,Townhouse,Y,Normal,222600
684204,2522,6,5,970,2,0,3,7,0,380,1948,24,7,CA,Elmwood,2Story,N,Normal,235600
785279,6120,5,7,715,1,0,2,5,0,180,1916,53,3,IN,Tanglewood,2Story,Y,Normal,93600
962226,9505,7,5,884,2,1,3,8,1,434,1924,72,3,TX,Lindenwood,1Story,Y,Normal,176600
483395,7500,7,5,1080,1,0,3,6,0,0,1978,61,4,CA,Fairview,2Story,Y,Family,271700
608081,6240,5,4,896,1,0,3,7,0,240,1944,57,12,NC,Wheatfield,2Story,N,Normal,107500
363256,10356,5,6,969,1,1,3,5,0,440,1949,70,9,TX,Jamestown,2Story,N,Normal,130300
988717,13891,8,5,1710,2,0,2,6,1,866,1936,95,6,WA,Vinehill,Ranch,Y,Normal,313600
142079,14803,6,5,825,2,1,4,8,1,495,1942,93,2,CA,Greenfield,Loft,Y,Normal,319000
654003,13500,6,7,1602,1,0,1,4,1,564,1953,87,6,IL,Hazelton,Loft,N,Normal,170800
642167,11340,6,5,1200,1,0,4,7,0,312,1936,77,5,CO,Belmont,SplitLevel,Y,Normal,226800
976249,9600,6,5,572,1,0,2,5,0,0,1950,79,7,OH,Quailridge,1Story,Y,Normal,123200
234743,7200,5,7,0,1,0,2,5,0,625,1933,59,11,WA,Westbrook,SplitLevel,Y,Normal,134500
280547,12003,8,5,774,2,1,4,8,1,680,1939,74,7,AZ,Amberton,Ranch,N,Normal,150500
244238,12552,7,5,991,2,1,3,8,1,678,1978,90,3,MA,Riverton,2Story,Y,Normal,278300
503465,19378,7,5,1392,2,1,4,9,1,576,1929,104,6,TX,Granite Hills,Ranch,Y,Normal,229500
609616,11120,6,6,1232,2,0,3,6,0,516,1936,80,8,NC,Wheatfield,1Story,Y,Normal,133600
574085,13688,9,5,1572,2,1,3,10,2,726,1974,82,3,IL,Larkspur,2Story,Y,Normal,374300
672937,12182,7,5,1541,2,0,3,7,1,532,1949,81,6,WA,Thornbury,2Story,Y,Normal,326300
770494,5500,4,6,882,1,0,1,4,0,0,1937,55,9,NC,Valley Forge,Ranch,Y,Normal,98000
910730,5400,6,7,1149,2,0,3,5,0,216,1941,57,10,CA,Fairview,1Story,Y,Normal,308800
572053,10106,5,7,644,2,0,4,6,0,0,1928,54,9,CA,Cedar Park,Ranch,Y,Normal,164500
443484,10708,5,5,1617,1,0,2,7,3,303,1962,82,8,NY,Ironbridge,1Story,N,Normal,293800
220375,10562,8,5,1582,1,1,3,8,1,789,1956,75,6,OH,Norwood,2Story,Y,Normal,311300
696994,8244,7,5,840,2,1,3,7,1,440,1944,,5,CA,Northgate,2Story,Y,Normal,267000
236472,16669,8,6,1686,2,1,2,6,1,511,1983,97,11,FL,Prairie View,Loft,Y,Normal,319000
356368,12358,5,6,720,1,1,2,7,0,660,1939,71,3,CA,Northgate,1Story,Y,Normal,172100
605570,31770,6,5,1080,1,0,3,7,2,528,1950,133,6,FL,Stonegate,1Story,N,Normal,217600
752609,5306,7,7,1064,2,0,2,5,1,504,1950,65,6,NY,Kingsport,Ranch,Y,Normal,304400
529711,10197,6,5,1362,1,1,3,6,1,504,1957,71,7,FL,Prairie View,1Story,Y,Abnorml,173900
909870,12416,6,5,1606,2,0,3,7,1,616,1926,69,2,TX,Highpoint,SplitLevel,Y,Partial,205600
498279,12615,6,7,1202,2,0,4,7,1,576,1951,82,7,MA,Riverton,2Story,Y,Partial,288800
837106,10029,6,5,1151,2,1,4,8,1,521,1956,69,3,NC,Upland,2Story,N,Normal,218500
906889,13650,5,5,1052,2,0,4,8,1,451,1937,,3,IN,Willowbrook,1Story,Y,Normal,158800
206432,17423,9,5,2216,2,0,1,9,1,1166,1976,94,9,TX,Lindenwood,Ranch,Y,Family,328500
603443,8520,5,6,968,1,0,2,5,0,480,1944,,8,FL,Newhaven,SplitLevel,N,Normal,136800
132623,2117,6,5,756,2,1,3,5,1,440,1945,29,12,CA,Cedar Park,1Story,N,Normal,202800
443431,7588,7,6,793,1,1,4,9,1,216,1949,64,4,TX,Lindenwood,2Story,Y,Normal,190900
510521,9060,5,6,0,1,0,3,7,1,252,1925,72,2,IL,Kenwood,2Story,Y,Normal,143900
473432,11426,7,5,1362,2,1,3,6,0,484,1952,89,10,MA,Northfield,Loft,Y,Alloca,244800
364399,7438,5,8,504,1,0,3,5,0,576,1952,55,9,MA,Pinecrest,SplitLevel,Y,Normal,145400
662727,22950,10,9,1107,2,1,4,12,2,840,1983,108,5,IL,Larkspur,Ranch,Y,Normal,547600
369936,9947,7,5,1188,2,0,3,6,0,497,1964,93,5,AZ,Amberton,1Story,Y,Normal,191100
765233,10410,5,7,660,2,1,3,8,0,180,1926,80,7,NY,Kingsport,Townhouse,Y,Normal,286800
266652,7018,5,5,1086,0,2,2,6,2,528,1936,66,8,FL,Newhaven,2Story,Y,Normal,150300
940553,4923,8,5,1593,1,1,0,5,1,682,1961,36,9,IN,Underhill,2Story,Y,Normal,211500
892493,10570,8,8,853,2,1,3,10,2,440,1946,82,9,FL,Prairie View,Ranch,Y,Normal,229600
685515,7472,7,9,725,1,1,4,7,0,484,1990,56,3,NY,Lakeshore,2Story,N,Normal,331900
501375,9017,7,5,1431,2,0,3,6,0,666,1970,63,4,NY,Harborview,2Story,Y,Partial,369200
620013,2522,7,5,970,2,0,3,7,0,380,1960,,3,TX,Lindenwood,1Story,Y,Partial,176100
477968,7180,5,7,864,1,0,3,5,0,352,1908,57,6,FL,Redstone,2Story,Y,Normal,137000
819382,2280,6,6,855,2,1,3,7,1,440,1965,40,12,NC,Xavier Park,Ranch,N,Normal,151600
233349,9416,7,5,1726,2,0,3,8,1,786,1944,72,6,NY,Ironbridge,SplitLevel,Y,Normal,384200
477160,25419,8,4,1360,2,0,4,8,1,795,1960,105,5,WA,Union Heights,2Story,Y,Family,384300
740176,5520,6,6,755,1,0,5,8,0,0,1939,61,9,NY,Ironbridge,1Story,Y,Normal,205100
666236,9591,8,5,1713,2,0,3,7,1,856,1966,62,11,MA,Pinecrest,Ranch,Y,Normal,408500
698453,8546,4,5,1121,2,0,2,5,0,440,1929,84,8,AZ,Birchwood,SplitLevel,Y,Normal,120900
121504,10125,6,6,1196,2,0,3,6,2,473,1973,71,6,OH,Norwood,2Story,Y,Abnorml,195400
755037,7000,6,6,617,2,0,2,6,0,398,1935,55,7,TX,Lindenwood,2Story,Y,Partial,144500
223691,4438,6,5,848,1,0,1,3,1,420,1922,56,4,CA,Cedar Park,1Story,Y,Normal,166900
153124,3500,5,7,720,1,1,2,5,0,240,1940,49,7,IL,Millbrook,Ranch,N,Normal,114900
147460,11851,7,5,1424,2,0,3,5,0,500,1997,89,12,TX,Kestrel Point,1Story,Y,Normal,270200
820061,13673,5,5,1140,1,1,3,8,1,349,1921,86,6,OH,Overlook,Loft,Y,Partial,186100
637940,12493,4,5,1100,1,0,3,6,1,312,1935,83,2,FL,Quinton,2Story,Y,Abnorml,156600
306534,14364,7,5,1157,2,1,3,7,1,454,1965,89,9,CO,Dunmore,2Story,Y,Normal,310500
636090,8250,6,7,1092,1,0,3,6,0,504,1947,,4,FL,Stonegate,1Story,N,Abnorml,151000
312922,5604,5,6,864,1,0,2,5,0,0,1926,51,6,NY,Harborview,Ranch,Y,Normal,187500
440720,10420,6,5,1212,2,0,3,6,0,460,1946,67,6,OH,Pembroke,Loft,Y,Normal,138500
834228,8640,7,5,900,2,1,3,7,1,644,1972,74,3,IL,Inglewood,2Story,N,Normal,241300
196930,13568,5,5,990,1,0,3,5,0,576,1927,92,6,CO,Belmont,2Story,Y,Normal,181900
909446,10900,6,7,689,1,1,3,6,0,299,1953,64,11,CO,Glenmoor,Ranch,Y,Normal,217400
211281,10011,5,6,1070,1,0,2,6,1,447,1946,,6,WA,Union Heights,2Story,Y,Normal,238400
377566,8450,7,5,1436,2,0,3,8,0,484,1946,63,10,AZ,Copper Ridge,Townhouse,Y,Abnorml,190100
739172,9906,4,4,686,1,0,3,8,0,210,1954,76,7,FL,Quinton,1Story,Y,Normal,149200
858482,15660,7,9,798,1,1,3,8,2,431,1959,88,8,AZ,Edgewater,2Story,Y,Partial,224600
892323,3010,7,5,1248,2,0,2,5,0,438,1965,45,1,IL,Larkspur,Ranch,Y,Normal,205800
335787,8990,7,5,1498,2,0,2,5,0,675,1924,56,11,TX,Lindenwood,2Story,N,Normal,175300
612127,8068,6,5,1010,2,1,4,8,1,390,1948,59,5,OH,Norwood,Ranch,Y,Normal,204300
990032,11475,6,6,713,2,1,3,6,1,434,1945,80,4,CA,Cedar Park,1Story,Y,Partial,257300
761341,10500,4,6,864,1,0,2,4,0,576,1912,74,7,IL,Inglewood,Ranch,N,Abnorml,102400
951169,13472,10,5,2392,2,0,3,8,1,968,1973,96,8,NC,Valley Forge,1Story,Y,Normal,529200
767761,1680,5,5,630,2,1,3,6,0,280,1949,24,2,FL,Redstone,SplitLevel,Y,Normal,149100
450241,9950,7,5,1203,2,1,4,9,1,721,1938,64,4,TX,Granite Hills,SplitLevel,Y,Partial,193100
466264,1869,6,6,483,1,1,2,5,0,280,1950,29,1,IL,Millbrook,2Story,Y,Normal,146600
980208,8521,5,5,912,1,0,3,5,1,336,1945,58,7,AZ,Edgewater,2Story,Y,Normal,139400
158728,3182,7,5,1373,2,0,2,7,1,430,1970,39,6,OH,Quailridge,2Story,Y,Normal,169100
802162,8760,6,6,1194,1,0,3,6,0,312,1959,68,5,CA,Greenfield,1Story,Y,Partial,367000
254857,15138,8,5,1462,2,1,4,9,1,810,1973,88,6,IN,Zephyr Cove,1Story,Y,Normal,288100
514615,1680,6,5,483,1,1,2,5,1,288,1956,21,7,IN,Underhill,1Story,Y,Normal,94100
965463,10650,5,6,894,1,0,3,5,0,308,1918,85,7,NC,Xavier Park,Ranch,Y,Abnorml,128700
247134,7851,6,5,860,2,1,4,8,2,440,1922,59,11,WA,Westbrook,Townhouse,Y,Normal,221300
547096,1680,6,3,483,1,1,2,5,0,264,1942,25,7,NC,Wheatfield,Loft,N,Normal,107400
249069,8773,7,5,1414,2,0,3,6,0,494,1956,79,3,TX,Lindenwood,Townhouse,N,Normal,167900
432716,9453,7,7,996,2,1,3,7,0,457,1930,72,7,FL,Quinton,Ranch,Y,Normal,239100
755998,12030,8,5,1694,2,0,3,7,0,818,1961,77,9,NC,Trellis Park,1Story,Y,Normal,236600
272015,8741,6,4,735,1,1,3,7,1,220,1939,72,7,CA,Elmwood,Townhouse,Y,Normal,252800
821940,9000,8,5,1566,2,0,3,7,0,750,1969,62,8,WA,Thornbury,SplitLevel,Y,Normal,292700
646553,3880,5,9,686,1,0,2,4,0,0,1939,44,4,MA,Pinecrest,Loft,N,Normal,158400
100306,5000,5,4,540,1,0,3,6,0,352,1915,46,10,NY,Lakeshore,1Story,Y,Normal,152100
987212,10762,6,6,626,1,1,3,6,1,288,1938,81,5,CA,Fairview,SplitLevel,Y,Normal,266900
122458,8880,7,5,948,2,1,3,8,2,463,1938,69,10,MA,Pinecrest,Ranch,Y,Normal,264800
376073,10400,7,5,1845,2,0,3,6,1,604,1939,84,3,TX,Jamestown,SplitLevel,N,Normal,228300
443365,9142,6,8,1020,2,0,4,9,0,440,1953,72,11,IL,Larkspur,Loft,Y,Normal,251300
970643,11310,6,5,1367,1,0,2,5,1,451,1946,78,5,CA,Fairview,2Story,N,Normal,321200
559251,11317,7,5,840,2,1,3,8,0,500,1970,65,12,NY,Lakeshore,2Story,Y,Normal,310400
649955,159000,6,7,1444,2,0,4,7,2,389,1953,278,12,AZ,Birchwood,Ranch,Y,Normal,263200
133307,5350,3,2,728,1,0,3,6,0,0,1937,56,11,OH,Pembroke,Townhouse,Y,Normal,65900
328792,4750,8,5,1573,2,0,2,5,1,538,1964,44,8,IL,Inglewood,2Story,Y,Abnorml,260400
157702,8366,6,5,798,2,1,3,6,0,520,1945,68,6,IL,Hazelton,2Story,N,Normal,139500
891988,9350,6,7,1302,2,0,3,7,0,309,1926,,6,AZ,Edgewater,SplitLevel,N,Normal,138000
388834,8400,5,6,1314,1,0,3,5,0,294,1939,59,5,OH,Rosewood,2Story,N,Normal,118900
147664,8738,7,5,975,2,1,4,8,1,429,1950,,5,NY,Harborview,1Story,N,Normal,260600
934097,8791,6,5,864,2,1,3,7,0,673,1943,62,9,FL,Prairie View,Townhouse,Y,Normal,152100
728246,8814,7,5,1604,2,1,3,8,1,660,1943,69,6,MA,Riverton,SplitLevel,N,Normal,227100
601158,12435,7,5,963,2,1,3,7,1,564,1978,79,5,AZ,Amberton,2Story,Y,Partial,232200
371364,12702,5,5,0,1,0,2,4,0,308,1948,88,2,IN,Summit Park,2Story,Y,Partial,104900
113899,19296,6,5,1362,1,0,3,6,1,884,1935,96,9,TX,Highpoint,SplitLevel,Y,Normal,196300
590776,9588,8,5,1482,2,1,3,10,1,868,1976,63,7,OH,Quailridge,Ranch,Y,Normal,260200
839878,8471,6,7,506,1,0,3,6,1,492,1977,60,10,TX,Lindenwood,2Story,N,Abnorml,140100
760102,5500,5,7,926,1,0,3,6,0,484,1944,53,2,CA,Fairview,2Story,N,Partial,262000
549510,5232,5,5,680,1,0,2,4,0,504,1959,56,10,NY,Maplewood,Ranch,Y,Partial,161600
626144,12090,6,6,1422,2,0,3,7,1,576,1916,81,7,TX,Granite Hills,2Story,Y,Normal,179000
229252,11207,6,5,802,2,1,3,8,1,413,1942,71,1,AZ,Deerfield,1Story,Y,Normal,148600
839252,8400,5,8,720,2,1,4,8,1,240,1943,47,6,OH,Norwood,2Story,N,Normal,169300
600378,6900,5,6,740,1,0,2,4,1,924,1965,56,7,IN,Underhill,2Story,Y,Normal,118700
759775,7917,6,7,1143,1,1,3,6,1,504,1938,59,8,FL,Newhaven,1Story,N,Normal,163300
845281,10728,8,5,1095,2,1,3,8,1,1053,1976,78,6,WA,Union Heights,1Story,Y,Normal,399700
384564,39104,7,7,1385,1,0,2,5,2,439,1956,,3,IL,Jasper Flats,Ranch,Y,Normal,316400
601435,11764,8,7,1152,2,1,4,9,1,671,1977,91,7,TX,Highpoint,2Story,Y,Normal,306100
423162,9600,6,6,1240,2,0,3,6,1,338,1948,65,3,CA,Cedar Park,Townhouse,Y,Normal,265600
138312,8314,5,7,816,1,0,2,5,0,264,1932,,4,NY,Maplewood,1Story,Y,Abnorml,176700
732321,7264,7,7,952,2,1,3,5,0,672,1961,63,8,FL,Orchard Bay,Townhouse,Y,Normal,214100
760005,9196,7,5,1560,2,0,3,7,0,573,1973,84,11,OH,Rosewood,Loft,Y,Normal,213600
391034,19138,4,5,864,1,0,2,4,0,400,1897,103,7,CA,Brookhaven,2Story,Y,Normal,195100
424249,14450,9,5,2121,2,1,3,8,1,732,1975,92,8,IN,Verdant Oaks,2Story,Y,Normal,293200
817216,10005,7,5,1160,2,1,4,8,1,505,1915,84,6,CA,Cedar Park,1Story,Y,Normal,292600
729831,11287,7,6,807,2,1,3,7,1,575,1969,81,5,TX,Granite Hills,SplitLevel,Y,Normal,216200
688969,7200,6,5,1262,2,0,2,5,0,572,1965,55,4,IN,Underhill,2Story,Y,Normal,155000
759284,5063,7,5,1314,2,0,2,6,1,626,1943,43,10,MA,Silverlake,Loft,N,Normal,276100
701083,9612,8,5,1468,2,0,3,6,1,898,1970,79,7,NC,Upland,SplitLevel,Y,Normal,283800
812911,8012,6,5,1575,2,0,2,5,0,529,1936,59,3,NY,Maplewood,Townhouse,Y,Normal,207300
964508,4251,7,5,625,2,1,2,5,0,528,1943,45,7,OH,Overlook,1Story,Y,Abnorml,159300
855249,9786,6,7,912,1,1,3,7,1,440,1953,71,3,CO,Foxrun,2Story,Y,Normal,219800
383223,8125,4,4,858,1,0,3,5,0,0,1908,70,10,FL,Redstone,Townhouse,N,Normal,68300
989933,9819,5,5,882,1,0,3,5,0,280,1944,62,7,IL,Millbrook,2Story,Y,Normal,154800
522673,8730,6,7,698,1,0,3,7,0,384,1950,70,7,CA,Cedar Park,Ranch,N,Normal,207400
997763,15611,8,5,1079,2,1,3,8,1,685,1944,89,6,MA,Riverton,Loft,Y,Normal,309100
193178,5687,5,6,780,2,0,6,9,0,0,1922,43,3,CO,Belmont,Townhouse,N,Normal,154800
647702,11409,5,4,768,1,1,3,8,1,281,1956,83,5,IL,Kenwood,2Story,Y,Normal,159800
180729,16659,7,7,795,2,1,3,9,1,539,1990,97,5,FL,Prairie View,2Story,Y,Abnorml,350400
627077,9600,6,5,1416,1,0,3,7,2,418,1949,61,7,AZ,Fernwood,SplitLevel,Y,Abnorml,151700
344581,7937,6,6,1003,1,0,3,6,0,588,1937,40,10,CO,Glenmoor,Loft,Y,Normal,223300
297030,13710,5,5,910,1,1,4,6,0,282,1919,,5,AZ,Amberton,1Story,Y,Normal,126000
359057,7399,7,5,975,2,1,3,7,1,576,1938,60,12,CA,Fairview,2Story,Y,Normal,353200
141019,11700,6,6,702,1,2,3,7,1,539,1939,,6,FL,Newhaven,Townhouse,Y,Normal,148200
890034,14000,6,8,1092,1,0,3,6,1,300,1974,,3,TX,Lindenwood,2Story,Y,Normal,200000
685059,15750,5,5,1165,1,0,2,5,2,375,1945,76,4,CA,Brookhaven,1Story,Y,Normal,256100
926674,16226,8,5,1028,2,1,4,9,1,683,1954,103,11,NC,Trellis Park,2Story,Y,Normal,252800
378363,13704,7,5,1541,2,0,3,6,1,843,1954,88,4,IL,Kenwood,1Story,Y,Family,228700
748802,9800,5,7,894,1,0,3,5,0,552,1934,68,12,NY,Harborview,1Story,N,Partial,210100
218485,18386,7,9,1470,3,0,3,10,1,870,1918,108,6,AZ,Birchwood,1Story,Y,Normal,272700
530153,10386,8,5,2000,2,0,3,8,0,888,1949,74,1,AZ,Birchwood,1Story,N,Abnorml,235400
193222,13474,7,5,700,2,1,4,8,1,746,1961,85,12,TX,Kestrel Point,2Story,Y,Normal,224900
748755,7920,6,7,319,1,0,3,6,0,0,1957,75,5,TX,Kestrel Point,Townhouse,Y,Normal,126500
879890,12342,4,5,861,1,0,1,4,0,539,1918,91,4,CO,Dunmore,Townhouse,Y,Normal,141600
973033,12378,9,5,1896,2,0,3,8,3,708,1960,78,12,OH,Marbleton,SplitLevel,Y,Partial,298900
518942,7685,6,5,697,2,1,3,6,1,420,1927,64,7,NY,Juniper Hill,2Story,Y,Normal,207600
956436,8000,6,6,972,1,0,2,5,1,240,1955,65,8,CA,Brookhaven,Ranch,Y,Normal,255000
673488,7800,5,7,793,1,0,3,5,1,410,1922,53,2,FL,Quinton,Ranch,Y,Normal,140700
312180,215245,7,5,2136,2,0,3,8,2,513,1952,313,9,CO,Dunmore,Ranch,Y,Normal,489400
285807,9600,7,7,728,1,1,3,6,1,546,1956,62,11,IL,Jasper Flats,SplitLevel,Y,Normal,266900
458280,7795,7,5,716,2,1,3,6,1,432,1958,60,6,NC,Valley Forge,1Story,Y,Normal,204800
952458,13005,7,7,845,2,1,4,10,1,484,1968,86,4,WA,Ashcroft,Ranch,Y,Normal,268900
781991,9000,8,5,1088,2,1,3,8,1,1025,1957,70,3,AZ,Copper Ridge,2Story,Y,Normal,327900
705515,9900,7,5,1347,2,1,4,9,1,656,1938,70,2,NY,Lakeshore,1Story,Y,Normal,325900
967120,14115,7,5,1372,2,0,3,6,2,588,1967,103,9,CA,Greenfield,1Story,Y,Partial,517300
646267,16259,9,5,1249,3,1,4,9,0,840,1995,90,7,CA,Brookhaven,Loft,Y,Normal,567600
363052,12099,8,5,1136,2,1,4,10,1,872,1984,69,6,MA,Quarry Bend,2Story,Y,Normal,421200
818602,10380,7,5,1502,2,1,4,8,1,576,1944,,5,TX,Granite Hills,2Story,N,Normal,199700
467195,5820,3,8,1162,1,0,3,6,0,220,1932,63,10,AZ,Amberton,1Story,Y,Partial,101700
648611,11275,7,7,710,2,1,5,11,1,564,1948,91,6,NC,Valley Forge,Ranch,Y,Normal,249600
731694,5000,5,6,720,1,0,2,5,0,360,1963,44,4,CO,Glenmoor,1Story,N,Normal,159500
429455,10846,8,5,1719,1,1,1,6,2,473,1965,70,7,OH,Rosewood,1Story,Y,Normal,202600
411447,11600,6,5,1383,1,1,3,7,0,292,1967,70,6,MA,Northfield,1Story,Y,Normal,203500
830973,11888,6,6,844,2,0,5,10,0,441,1943,79,12,TX,Ivy Ridge,Ranch,Y,Normal,179000
967395,6402,5,5,596,1,0,3,6,0,189,1943,,5,OH,Pembroke,Ranch,Y,Normal,104600
959358,10624,5,4,1728,2,0,6,10,0,352,1915,,12,MA,Oakridge,Townhouse,Y,Normal,173900
814929,8176,5,6,1056,1,0,3,6,0,308,1940,47,3,OH,Rosewood,Loft,Y,Normal,111100
901579,10655,8,5,3206,2,0,3,7,1,880,1957,81,3,FL,Prairie View,Ranch,N,Normal,340500
734367,8198,7,5,1358,2,0,2,6,1,484,1955,58,7,TX,Highpoint,1Story,Y,Family,182900
453115,9042,6,5,943,2,1,3,7,2,472,1931,77,8,CO,Clearwater,Ranch,Y,Normal,210300
408386,164660,5,6,1499,2,0,3,7,2,529,1955,,8,IN,Summit Park,Ranch,Y,Normal,169900
815979,14157,9,5,1922,2,0,3,8,1,676,1982,87,8,CO,Glenmoor,2Story,Y,Normal,518000
365801,9135,7,5,1536,2,0,3,7,0,532,1961,79,7,MA,Riverton,Ranch,Y,Normal,234900
885994,14145,7,7,1208,2,0,3,8,0,440,1953,96,5,WA,Yorkfield,SplitLevel,N,Normal,268700
778902,12400,6,7,1215,1,0,3,6,0,297,1947,77,6,FL,Stonegate,2Story,Y,Normal,164700
503907,14191,8,5,967,2,1,4,9,0,431,1954,89,3,CO,Clearwater,SplitLevel,Y,Normal,305900
945391,8400,4,4,721,1,0,2,4,0,294,1895,72,9,WA,Union Heights,Townhouse,Y,Partial,104300
851101,8544,3,4,0,2,0,2,6,0,400,1936,61,1,FL,Newhaven,2Story,Y,Normal,107000
609278,8849,9,5,1684,2,0,2,6,1,564,1970,57,3,CA,Fairview,Ranch,Y,Normal,496100
760564,2592,5,3,536,1,1,3,4,0,336,1922,31,5,WA,Vinehill,2Story,Y,Normal,125700
835247,6435,6,5,972,1,0,3,6,1,312,1970,62,12,AZ,Amberton,Townhouse,Y,Normal,141600
443786,12772,6,8,958,1,0,2,5,0,301,1939,74,9,WA,Thornbury,1Story,N,Normal,161800
608066,17600,6,5,1478,2,0,3,6,2,498,1953,99,5,AZ,Amberton,2Story,Y,Normal,201400
231772,2448,7,5,764,2,1,2,6,0,474,1961,30,4,NY,Ironbridge,1Story,N,Normal,222800
492973,20431,9,5,1848,2,1,4,10,2,706,1976,113,6,NC,Trellis Park,2Story,Y,Family,347800
512853,7820,9,5,1869,2,0,2,6,1,617,1978,58,4,AZ,Amberton,2Story,Y,Normal,247700
391866,5271,7,5,1453,1,1,2,6,1,445,1957,58,10,NC,Upland,1Story,Y,Normal,223800
537857,9084,5,6,616,1,0,3,5,0,200,1928,69,12,TX,Highpoint,Townhouse,N,Normal,82400
746844,8520,6,8,624,1,0,2,5,0,484,1956,86,8,IL,Millbrook,1Story,Y,Normal,148500
373606,8400,6,5,940,1,0,2,6,2,240,1958,68,1,TX,Lindenwood,2Story,Y,Partial,171700
558099,11249,6,5,1200,2,0,3,6,0,521,1934,85,10,OH,Overlook,Ranch,Y,Normal,161600
121873,9248,6,6,1158,2,0,3,6,0,400,1927,71,5,NC,Yellowstone Ridge,1Story,Y,Abnorml,123600
286953,4224,5,5,1142,1,1,3,6,1,528,1929,,3,CO,Belmont,Townhouse,Y,Normal,155300
164873,6930,5,4,1062,1,0,3,6,0,288,1935,61,10,OH,Quailridge,2Story,Y,Partial,105900
418131,12011,8,5,1086,2,1,3,7,1,592,1959,87,9,CA,Cedar Park,1Story,N,Partial,389100
404343,7540,6,6,888,1,0,2,5,1,470,1955,54,4,CA,Brookhaven,SplitLevel,Y,Normal,261500
287758,9144,5,5,883,1,0,3,8,0,240,1912,,5,TX,Kestrel Point,Townhouse,Y,Normal,109200
852390,7301,7,5,0,3,0,4,7,1,672,1963,55,6,IL,Inglewood,Townhouse,N,Normal,180500
607366,1680,6,8,483,1,1,2,5,0,264,1946,41,10,AZ,Copper Ridge,1Story,Y,Alloca,136700
188907,18800,6,5,796,2,1,3,6,1,566,1964,97,6,NY,Lakeshore,Townhouse,Y,Family,214100
428477,10690,5,7,672,1,0,3,6,0,468,1924,49,8,CA,Cedar Park,2Story,Y,Normal,206900
465344,9500,6,5,1394,1,1,3,6,2,514,1953,70,8,FL,Quinton,1Story,N,Partial,221800
931528,9150,6,5,1099,1,0,3,6,1,296,1950,66,9,CO,Clearwater,1Story,Y,Normal,242500
815049,7800,5,6,1268,1,0,2,7,1,244,1949,57,6,MA,Northfield,1Story,N,Partial,168800
404704,9830,5,7,1063,1,0,3,7,1,576,1934,65,2,AZ,Birchwood,Ranch,Y,Normal,155500
313995,8121,6,5,953,2,1,3,7,1,460,1949,,10,AZ,Edgewater,2Story,Y,Normal,159100
115313,17120,4,4,0,2,0,4,7,1,680,1943,84,6,TX,Lindenwood,2Story,Y,Abnorml,112800
616185,7175,6,5,744,1,0,2,4,0,264,1925,51,7,IN,Tanglewood,1Story,Y,Normal,97700
161337,10634,5,6,608,1,0,3,5,0,270,1940,79,7,CA,Brookhaven,1Story,N,Abnorml,171300
882956,8200,7,5,847,2,1,4,8,1,434,1977,67,12,IL,Kenwood,2Story,Y,Normal,244400
298064,10020,1,1,683,0,1,1,4,0,0,1891,78,11,AZ,Deerfield,1Story,Y,Normal,49800
966964,8846,5,5,870,1,0,2,5,0,576,1926,75,8,TX,Lindenwood,2Story,Y,Normal,116000
658276,11143,8,5,1580,3,0,4,8,1,610,1944,68,6,CA,Northgate,1Story,Y,Normal,473200
982078,11394,9,2,1856,1,1,1,8,1,834,1972,78,7,AZ,Birchwood,Ranch,Y,Normal,291900
502545,8123,6,5,982,2,1,3,7,1,463,1932,61,5,MA,Northfield,Townhouse,N,Normal,214000
621080,5000,5,6,1026,2,0,3,6,1,308,1943,,10,CA,Greenfield,2Story,Y,Normal,332800
154124,7200,7,5,1293,2,0,2,5,1,572,1934,53,9,CA,Brookhaven,Ranch,Y,Normal,305100
336403,9245,7,5,939,2,1,3,8,0,639,1964,90,4,TX,Kestrel Point,1Story,Y,Normal,198900
544551,9000,6,3,784,1,0,2,5,0,360,1948,66,3,IN,Willowbrook,1Story,Y,Normal,132900
682642,53107,6,5,1580,2,1,3,9,2,501,1913,172,8,IL,Inglewood,2Story,Y,Normal,288200
290778,3182,8,5,1256,2,0,2,6,1,430,1978,50,11,WA,Ashcroft,Townhouse,Y,Abnorml,220400
962650,8410,5,3,658,1,0,5,8,0,0,1934,73,1,CA,Elmwood,2Story,Y,Normal,193000
167820,7200,6,6,1041,1,0,3,6,1,352,1936,61,7,FL,Quinton,1Story,Y,Normal,196100
739236,9382,7,5,1468,2,0,3,6,0,577,1937,72,8,FL,Redstone,2Story,Y,Normal,210900
431810,12474,10,5,1682,2,1,3,9,1,846,1981,72,6,OH,Quailridge,2Story,Y,Normal,409200
649324,8405,5,8,861,1,0,4,7,0,384,1945,68,7,WA,Vinehill,2Story,Y,Normal,177100
176192,12209,6,5,804,2,1,3,7,1,560,1945,68,6,NY,Lakeshore,Ranch,Y,Family,257500
546790,8339,5,7,0,1,0,3,5,0,294,1955,66,10,IL,Jasper Flats,Townhouse,Y,Normal,141500
927124,7446,4,5,788,1,0,2,4,2,0,1918,57,1,AZ,Fernwood,1Story,Y,Partial,108000
964374,10134,5,6,735,1,0,2,5,0,240,1935,93,5,NY,Harborview,1Story,Y,Normal,188500
824453,9571,5,6,1144,1,0,3,6,0,596,1909,65,5,IN,Underhill,2Story,Y,Normal,105600
135940,7200,5,5,894,1,0,2,6,0,600,1927,57,5,OH,Marbleton,1Story,Y,Normal,125700
668081,7590,5,5,864,2,0,4,8,1,264,1928,65,8,OH,Rosewood,1Story,N,Normal,109500
900191,8967,5,2,961,1,0,2,6,0,338,1935,73,1,FL,Quinton,Townhouse,Y,Partial,128600
555751,8125,7,5,1092,2,0,2,7,0,438,1967,68,7,NY,Maplewood,Townhouse,Y,Normal,282700
940229,14963,8,5,1260,1,1,1,4,2,500,1952,76,3,TX,Lindenwood,1Story,Y,Normal,209700
742234,8767,7,5,1310,2,0,3,6,1,400,1968,66,6,NC,Xavier Park,1Story,Y,Normal,248900
294272,10200,5,8,672,1,0,2,4,0,240,1916,,5,NY,Ironbridge,Townhouse,Y,Abnorml,164100
698441,12090,8,5,1141,2,1,4,10,1,420,1951,90,2,FL,Prairie View,1Story,Y,Normal,312300
772142,10364,6,5,806,2,1,3,7,1,373,1923,83,8,NC,Upland,1Story,Y,Normal,225000
844260,9991,4,4,1281,2,0,3,8,1,490,1942,76,8,OH,Pembroke,Townhouse,N,Normal,96400
227329,10480,6,5,1064,1,0,3,6,0,240,1924,72,10,FL,Quinton,1Story,N,Normal,143000
457708,15576,6,7,840,2,0,4,8,0,308,1965,86,9,TX,Jamestown,Ranch,Y,Normal,151300
485020,14154,7,5,1063,2,1,3,9,1,947,1948,87,7,MA,Riverton,Loft,Y,Family,283900
343988,10800,8,5,1034,2,1,3,8,1,836,1978,76,9,NC,Upland,SplitLevel,Y,Normal,347000
480857,9571,5,3,1276,1,0,3,5,0,350,1931,64,7,CO,Belmont,SplitLevel,Y,Normal,170300
286799,34650,5,5,1056,1,0,3,5,0,572,1943,133,5,NC,Xavier Park,Ranch,Y,Normal,136500
258485,4403,7,5,1470,2,1,2,7,1,484,1957,39,5,CA,Fairview,1Story,Y,Abnorml,369700
569097,8960,5,6,1008,1,0,2,5,1,360,1954,,8,IL,Inglewood,2Story,Y,Normal,136800
639027,11228,7,5,1080,2,1,3,9,1,678,1929,84,5,OH,Quailridge,1Story,Y,Normal,202100
954674,8899,7,5,1340,2,0,3,6,0,396,1927,68,3,TX,Granite Hills,2Story,Y,Normal,166700
317857,7844,6,7,672,1,1,3,6,1,440,1935,58,11,IL,Jasper Flats,1Story,N,Normal,188000
796325,22420,6,6,1370,2,1,4,10,1,864,1964,116,11,IN,Verdant Oaks,Townhouse,Y,Normal,177500
135021,8160,5,6,756,1,1,3,7,0,240,1943,65,6,IL,Larkspur,2Story,Y,Normal,190200
109201,8450,5,6,1056,1,0,3,6,1,304,1931,69,9,CO,Belmont,Ranch,N,Partial,164000
793100,7060,7,5,1344,2,0,2,8,0,784,1976,75,9,FL,Prairie View,1Story,Y,Normal,223400
346747,16635,6,7,1602,2,0,3,8,1,529,1937,109,8,NY,Lakeshore,1Story,Y,Normal,324200
607260,21750,5,5,988,1,0,2,4,0,520,1927,106,1,MA,Silverlake,1Story,N,Normal,160500
543731,9200,8,5,1470,2,1,4,8,1,696,1943,,5,IN,Summit Park,1Story,Y,Partial,212700
290992,9000,6,5,1196,1,0,2,6,1,297,1968,76,8,TX,Jamestown,1Story,N,Normal,167900
448462,3378,7,8,651,1,1,3,6,2,240,1939,45,5,MA,Oakridge,Townhouse,N,Normal,172100
991813,12800,7,5,1518,2,0,2,5,1,569,1977,94,8,AZ,Edgewater,Ranch,Y,Family,183800
926836,8593,4,6,907,1,0,3,5,0,352,1943,75,1,NY,Ironbridge,Townhouse,Y,Normal,154200
670650,6762,7,5,1208,2,0,2,6,0,628,1950,72,6,TX,Ivy Ridge,Townhouse,Y,Normal,142100
514220,11457,6,5,1392,2,0,3,6,1,576,1947,70,5,NC,Yellowstone Ridge,1Story,Y,Normal,173100
999971,1680,6,5,483,1,1,2,4,0,264,1942,,9,IL,Inglewood,Ranch,Y,Normal,144300
883092,5586,6,7,901,1,0,4,7,0,0,1933,62,6,NY,Maplewood,Ranch,Y,Normal,201100
798704,1920,5,5,765,1,1,2,6,0,440,1946,34,4,TX,Highpoint,1Story,N,Normal,103700
491690,10839,6,5,926,2,1,3,7,1,470,1941,79,9,WA,Vinehill,Ranch,Y,Partial,176300
556285,1890,4,7,630,1,0,1,3,0,0,1940,25,7,CO,Glenmoor,Ranch,Y,Normal,120500
596863,10667,7,6,799,2,1,3,6,1,550,1948,75,5,FL,Quinton,1Story,Y,Partial,250300
605288,4400,6,8,648,1,0,2,6,0,440,1959,58,7,CA,Cedar Park,2Story,N,Normal,216700
956284,6000,6,7,884,1,0,2,4,0,180,1948,58,2,CA,Cedar Park,SplitLevel,N,Normal,168500
480484,4280,5,6,440,1,0,2,4,1,352,1937,49,6,CO,Clearwater,Loft,Y,Normal,175800
653913,12354,6,8,684,1,0,3,7,0,528,1942,81,6,OH,Pembroke,1Story,Y,Normal,123100
151584,15431,10,5,3094,2,0,2,10,2,672,1964,100,4,TX,Kestrel Point,Ranch,Y,Abnorml,399100
277825,12108,4,4,1440,2,0,4,8,0,0,1933,86,4,IL,Kenwood,2Story,Y,Normal,141800
405703,6240,5,7,1078,2,0,3,8,1,360,1954,58,12,CA,Northgate,1Story,Y,Normal,233800
413401,3922,7,5,1258,2,0,2,6,1,648,1932,53,5,IL,Millbrook,1Story,N,Normal,202600
500981,8750,7,5,915,2,1,4,8,1,493,1947,74,11,CA,Northgate,Townhouse,Y,Normal,209600
387366,9855,6,5,1436,1,0,3,7,1,480,1930,63,4,WA,Ashcroft,Ranch,Y,Normal,208000
195005,16492,6,6,1517,2,1,2,6,1,578,1930,109,2,CA,Brookhaven,1Story,Y,Normal,319100
336910,11214,7,5,930,2,1,4,10,1,431,1946,83,9,IL,Larkspur,SplitLevel,Y,Normal,216100
283179,8600,6,6,780,2,0,3,7,1,198,1962,67,10,TX,Ivy Ridge,1Story,Y,Normal,117000
298127,6000,3,7,649,1,1,2,6,0,308,1910,64,9,CA,Greenfield,Townhouse,Y,Normal,176600
334211,5684,6,8,813,1,0,2,5,0,270,1936,60,8,TX,Lindenwood,Loft,N,Normal,119300
999514,70761,7,5,1533,2,0,2,5,2,576,1971,178,9,FL,Redstone,1Story,N,Normal,291500
844252,9303,6,5,872,2,1,3,7,0,422,1954,70,3,OH,Rosewood,Ranch,Y,Normal,175000
382275,9000,8,5,768,2,1,3,6,0,676,1964,62,5,IN,Underhill,Loft,Y,Normal,166700
623581,9297,5,5,1728,2,0,4,8,0,560,1959,79,6,CA,Northgate,Townhouse,Y,Normal,230300
923868,9600,7,6,1242,1,1,3,6,1,528,1955,63,6,AZ,Birchwood,Ranch,N,Normal,201200
716562,4571,5,5,624,1,0,4,7,0,513,1926,59,3,FL,Prairie View,Townhouse,N,Normal,137700
587393,53227,4,6,1364,1,0,2,6,2,529,1929,176,9,CO,Dunmore,2Story,Y,Abnorml,226100
833178,5100,8,7,588,1,0,3,7,1,228,1953,45,3,NY,Ironbridge,Ranch,N,Normal,254900
732668,7015,5,4,709,1,0,3,5,1,352,1955,48,4,CA,Northgate,SplitLevel,Y,Partial,201300
270275,8004,8,5,832,2,1,3,8,0,552,1961,71,7,OH,Overlook,2Story,Y,Alloca,204000
196184,7200,7,9,560,1,0,3,6,0,576,1949,41,6,IL,Hazelton,1Story,Y,Partial,199500
301431,8281,5,5,864,1,0,3,5,1,360,1923,71,8,NY,Maplewood,Townhouse,Y,Normal,141300
258489,11988,6,7,715,1,1,3,6,1,240,1953,70,7,IN,Tanglewood,2Story,N,Normal,128300
153974,8430,5,5,1040,2,0,3,5,0,0,1944,64,6,OH,Pembroke,Townhouse,N,Normal,80000
968641,3072,7,5,1375,2,0,2,6,1,398,1957,44,5,CO,Foxrun,1Story,Y,Normal,247100
417368,10628,7,5,1277,1,0,2,5,1,526,1964,81,4,CA,Cedar Park,1Story,Y,Normal,255400
948630,9480,5,7,728,1,1,3,7,2,312,1962,63,5,FL,Stonegate,Ranch,Y,Normal,150500
368958,11428,8,5,1626,2,0,3,7,1,866,1960,63,9,TX,Jamestown,SplitLevel,Y,Normal,201700
162121,9291,6,5,832,2,1,3,7,0,506,1945,71,6,CA,Fairview,Ranch,Y,Partial,355300
162295,6820,8,5,1488,1,1,1,4,0,528,1959,67,8,AZ,Deerfield,2Story,Y,Normal,217900
482370,11952,7,6,808,2,1,3,8,1,534,1966,80,9,IL,Millbrook,2Story,Y,Normal,261400
765785,3675,6,5,547,1,0,2,5,0,525,1943,42,8,OH,Rosewood,Townhouse,Y,Normal,91200
519645,14977,8,5,1976,2,0,2,7,1,908,1951,100,9,CO,Belmont,SplitLevel,N,Normal,355300
326403,5330,8,5,1494,2,0,2,6,0,499,1994,52,5,WA,Union Heights,2Story,Y,Normal,387200
697140,8480,5,6,970,1,0,2,5,0,624,1940,68,1,OH,Overlook,1Story,N,Normal,145800
256458,13125,6,5,1478,2,0,3,7,1,508,1941,82,3,IN,Underhill,Loft,N,Normal,145800
811046,13693,9,5,2153,2,1,3,9,1,694,1982,,5,FL,Stonegate,2Story,Y,Normal,401600
633174,10637,8,5,1705,2,0,3,7,1,826,1990,92,8,OH,Pembroke,1Story,Y,Normal,278900
339436,5925,4,7,907,1,0,2,7,0,672,1933,51,10,FL,Stonegate,Loft,Y,Normal,129900
406407,16033,9,5,1833,2,0,3,8,1,772,1942,99,10,CO,Foxrun,2Story,Y,Normal,399300
222984,11846,9,5,1792,2,0,2,6,1,874,1976,,4,OH,Quailridge,1Story,Y,Normal,244000
594816,2500,7,8,910,1,1,4,7,1,164,1955,23,2,NY,Maplewood,1Story,Y,Normal,228900
404193,4500,6,5,1216,2,0,2,5,0,402,1941,44,8,IN,Tanglewood,1Story,N,Normal,118000
323256,7758,5,7,999,1,0,3,6,0,264,1929,52,5,NY,Harborview,1Story,Y,Normal,199500
473679,9600,5,7,1113,1,0,3,5,1,264,1929,60,6,NC,Yellowstone Ridge,SplitLevel,Y,Normal,98300
104764,10289,5,7,1073,1,1,3,6,0,515,1944,70,11,TX,Ivy Ridge,Ranch,N,Normal,131900
534638,12243,5,6,1484,2,0,3,7,1,487,1940,81,7,CO,Eastvale,Townhouse,Y,Normal,245600
272619,10800,5,4,954,2,0,3,10,1,520,1934,83,3,OH,Quailridge,Townhouse,Y,Normal,110700
926378,1526,4,8,630,1,0,1,3,0,286,1950,25,7,CA,Cedar Park,1Story,Y,Normal,146300
776945,2665,5,6,264,1,1,3,4,1,336,1950,38,9,CA,Brookhaven,1Story,Y,Normal,170800
265562,9490,6,7,806,1,0,3,5,2,240,1967,,8,IN,Willowbrook,1Story,N,Normal,139700
298197,15578,6,5,728,2,1,3,8,0,429,1945,99,9,OH,Pembroke,2Story,Y,Normal,171800
182523,7931,5,6,1269,1,1,3,6,1,308,1921,65,4,CA,Northgate,2Story,Y,Abnorml,254100
982833,5784,5,8,190,1,0,2,4,0,273,1935,55,8,CA,Northgate,SplitLevel,N,Normal,146700
347463,7879,4,5,720,1,0,2,4,0,0,1933,66,8,NY,Juniper Hill,1Story,N,Normal,135900
947503,12692,8,5,3200,3,0,4,10,1,546,1944,89,4,IL,Larkspur,Ranch,Y,Normal,434000
935507,9120,7,6,1026,2,0,4,8,0,240,1952,76,6,OH,Overlook,2Story,Y,Normal,233800
274590,7800,5,7,864,1,0,3,5,0,288,1946,71,8,WA,Thornbury,Townhouse,Y,Normal,165600
826458,7535,5,7,912,1,0,2,5,0,297,1941,73,10,CA,Elmwood,Townhouse,Y,Normal,234900
866891,1890,6,5,672,1,1,3,7,0,264,1928,25,11,FL,Redstone,2Story,N,Family,108800
671917,9803,7,5,866,2,1,3,7,0,603,1973,78,8,FL,Orchard Bay,1Story,Y,Normal,216500
292852,9170,5,7,1214,1,0,2,6,0,461,1941,71,5,NC,Upland,SplitLevel,Y,Normal,186700
387139,15602,7,8,1501,2,0,1,6,2,484,1950,99,5,WA,Ashcroft,1Story,Y,Normal,283200
541328,2308,6,5,855,2,1,3,6,1,440,1940,38,7,TX,Highpoint,Loft,Y,Normal,179900
714501,7596,5,5,960,2,0,4,10,0,400,1948,56,4,IN,Zephyr Cove,Townhouse,Y,Normal,121200
619772,9554,8,5,777,2,1,3,8,1,471,2006,51,1,AZ,Edgewater,2Story,Y,Partial,242400
488612,7862,6,5,1218,2,0,2,4,0,676,1938,67,7,IL,Kenwood,SplitLevel,Y,Normal,172400
462565,9600,7,9,689,2,0,3,7,1,360,1934,,7,FL,Prairie View,Ranch,Y,Normal,227400
650798,9600,5,6,1041,1,0,3,6,0,270,1931,80,6,TX,Jamestown,Ranch,N,Normal,134200
922506,14559,5,7,1008,1,0,2,6,2,288,1938,86,7,AZ,Birchwood,Ranch,Y,Normal,114700
596594,6792,7,5,1368,2,0,2,6,1,474,1948,58,12,IN,Tanglewood,Ranch,N,Normal,133000
966365,9100,5,5,864,1,0,3,5,0,624,1926,72,4,MA,Oakridge,Ranch,Y,Normal,128400
203036,9187,6,5,1084,1,1,3,5,0,484,1953,67,11,OH,Overlook,1Story,Y,Normal,151900
697229,10594,5,5,768,1,0,2,5,0,200,1916,80,5,FL,Newhaven,1Story,N,Normal,114300
357064,12220,10,5,2006,2,1,3,9,1,900,1960,90,11,CO,Belmont,1Story,Y,Normal,466600
646875,10448,6,6,689,2,1,3,7,1,583,1933,72,2,AZ,Edgewater,1Story,Y,Normal,150000
908046,10208,7,5,1264,2,1,3,7,1,889,1934,61,9,IN,Verdant Oaks,Ranch,Y,Normal,170300
571079,9531,6,5,794,2,1,3,7,0,546,1948,63,2,WA,Vinehill,2Story,Y,Normal,181300
917464,10918,7,9,1276,1,1,3,9,2,282,1937,68,6,WA,Westbrook,Townhouse,Y,Normal,249200
245211,10800,4,7,0,2,0,3,7,0,0,1919,71,12,TX,Kestrel Point,SplitLevel,Y,Normal,76300
463722,11988,6,6,1244,1,1,3,6,2,336,1929,84,5,CA,Northgate,2Story,N,Abnorml,244200
413661,5000,6,7,1004,2,0,3,7,2,420,1966,59,8,IN,Zephyr Cove,SplitLevel,N,Partial,138800
907144,40094,10,5,3138,3,1,3,11,1,884,1984,127,12,AZ,Copper Ridge,Loft,Y,Normal,595300
449762,11787,7,5,1379,2,1,3,8,1,834,1941,83,3,IL,Kenwood,Loft,N,Partial,253200
395970,7500,7,5,1257,2,0,3,6,1,453,1958,44,7,NC,Upland,1Story,Y,Normal,262600
494692,13300,5,7,928,1,0,2,4,0,252,1935,,3,NC,Valley Forge,SplitLevel,N,Normal,109500
258987,14948,9,5,1452,2,1,3,11,1,858,1976,87,7,CA,Cedar Park,1Story,Y,Normal,540000
738542,9098,4,7,528,1,0,2,5,0,0,1923,69,4,TX,Highpoint,2Story,Y,Normal,110400
587129,32668,6,3,2035,3,0,4,9,2,484,1933,,5,TX,Jamestown,1Story,N,Normal,168200
695102,10200,6,5,1461,2,0,3,5,1,600,1943,64,5,IL,Kenwood,2Story,Y,Normal,197900
566690,6155,6,8,611,2,0,3,6,0,502,1946,61,9,IN,Willowbrook,SplitLevel,Y,Family,152800
639895,7200,5,7,0,1,0,2,5,1,392,1934,64,1,TX,Highpoint,1Story,N,Normal,102300
579983,5000,1,3,0,1,0,1,2,0,0,1915,52,5,CA,Fairview,Loft,N,Normal,102800
324439,9056,8,5,707,2,1,3,6,1,403,1959,75,7,MA,Northfield,1Story,Y,Normal,236600
859437,7000,5,7,1117,1,0,3,5,0,0,1947,73,5,FL,Prairie View,Ranch,Y,Normal,141300
139091,8924,7,5,880,2,1,3,8,0,527,1944,68,8,CO,Belmont,2Story,Y,Normal,250600
579752,12735,4,5,864,1,0,3,5,0,576,1914,73,12,FL,Redstone,Loft,Y,Partial,134600
718726,11553,5,5,1051,1,1,3,7,1,336,1932,,12,NC,Upland,Townhouse,N,Partial,140800
818384,11423,8,5,1581,2,0,3,6,1,670,1942,79,10,IL,Millbrook,1Story,Y,Normal,257000
146681,14601,9,5,1838,2,0,2,8,1,765,1960,109,4,AZ,Amberton,Townhouse,N,Normal,222200
475278,11000,8,5,969,2,1,4,8,1,648,1951,,4,NY,Harborview,1Story,Y,Normal,357400
455632,10140,7,5,1650,2,0,3,7,1,583,1951,66,10,IL,Larkspur,SplitLevel,Y,Abnorml,220200
676648,4058,7,5,723,1,0,1,4,0,367,1948,,8,TX,Lindenwood,Townhouse,Y,Normal,115800
407877,17104,7,5,654,2,1,3,7,1,426,1984,94,7,TX,Highpoint,2Story,Y,Normal,260300
474006,13837,7,5,1204,2,1,4,9,0,786,1956,94,5,FL,Prairie View,Ranch,Y,Normal,268900
743961,8737,6,7,1065,1,1,3,6,1,440,1954,60,2,IL,Larkspur,1Story,Y,Partial,230500
906579,7244,5,7,768,1,0,2,5,0,624,1925,54,1,CA,Northgate,Ranch,N,Partial,183700
836393,8235,5,7,825,1,0,2,4,0,720,1933,66,1,AZ,Edgewater,1Story,Y,Family,133800
434357,9375,7,5,912,2,1,4,8,1,615,1977,61,7,CA,Northgate,Ranch,Y,Abnorml,306400
418542,4043,6,6,1069,2,0,2,4,0,440,1952,37,12,TX,Jamestown,2Story,Y,Normal,168100
683412,6000,5,6,928,1,0,3,5,0,288,1960,73,12,NC,Valley Forge,SplitLevel,Y,Normal,136600
639546,11146,8,5,1709,2,0,3,7,1,908,1959,94,9,CA,Fairview,Townhouse,N,Partial,469600
802386,8777,4,5,0,2,0,2,5,0,520,1940,79,10,TX,Ivy Ridge,SplitLevel,N,Normal,85600
467290,10625,7,5,998,2,1,3,8,1,871,1950,46,2,OH,Norwood,Townhouse,Y,Abnorml,167200
688993,6380,5,6,993,1,0,2,5,1,280,1956,49,1,CO,Belmont,2Story,Y,Normal,157400
472949,14850,5,5,1092,1,0,2,6,1,299,1950,96,10,IL,Larkspur,2Story,Y,Normal,171800
683267,11040,4,6,637,1,1,3,7,0,570,1927,76,7,OH,Pembroke,Ranch,N,Normal,94900
737191,21872,7,5,729,2,1,3,6,1,406,1944,98,6,FL,Quinton,1Story,N,Normal,194000
926305,3196,7,5,1374,2,0,2,7,1,420,1945,34,7,CA,Brookhaven,1Story,Y,Normal,282300
180311,11341,5,6,1392,1,1,3,5,1,528,1951,75,8,CA,Brookhaven,SplitLevel,Y,Normal,325600
318835,10010,5,5,1389,1,0,2,6,1,418,1952,74,10,TX,Kestrel Point,SplitLevel,Y,Normal,153900
981967,13907,5,6,996,1,0,3,6,1,0,1906,82,5,CO,Belmont,1Story,Y,Alloca,156500
503546,21780,6,7,1163,2,0,4,8,1,396,1941,106,7,FL,Prairie View,1Story,Y,Normal,171200
814391,13346,7,5,1095,2,1,4,9,1,590,1933,75,10,AZ,Edgewater,1Story,N,Normal,168200
160195,6858,6,4,806,1,1,4,6,0,216,1951,54,5,TX,Ivy Ridge,SplitLevel,Y,Normal,141100
437964,11198,9,5,1122,2,1,4,11,1,656,1949,85,7,OH,Norwood,2Story,Y,Normal,284100
193149,10171,7,5,1517,2,0,3,7,0,532,1943,68,3,TX,Highpoint,Ranch,Y,Normal,176000
288561,12327,8,8,1496,1,1,1,5,1,612,1962,81,7,TX,Kestrel Point,2Story,Y,Normal,263600
160925,7032,5,5,943,1,0,2,4,2,600,1914,62,2,NY,Maplewood,Ranch,N,Normal,179700
224106,13101,5,5,1728,2,0,6,10,0,576,1948,81,8,AZ,Amberton,Ranch,Y,Normal,184300
621142,7332,6,6,864,1,0,2,4,0,288,1933,59,10,CA,Northgate,1Story,N,Normal,171400
532668,13159,7,5,846,2,1,3,6,0,650,1951,91,6,CA,Greenfield,SplitLevel,Y,Normal,400300
976294,9967,7,5,384,2,1,3,8,1,400,1945,82,2,WA,Westbrook,2Story,Y,Family,218300
897854,10500,5,7,372,1,0,3,5,0,288,1933,78,8,IN,Underhill,Ranch,Y,Normal,99500
890474,8480,5,5,832,1,0,2,6,0,336,1921,82,4,NC,Wheatfield,1Story,Y,Normal,129400
670678,6292,7,7,861,2,0,3,6,1,216,1928,40,6,TX,Jamestown,2Story,Y,Normal,175700
330577,11777,5,6,1164,1,0,3,6,2,564,1930,69,7,OH,Quailridge,2Story,N,Normal,118400
356923,3604,7,5,689,2,0,2,5,0,540,1954,58,5,NC,Valley Forge,1Story,N,Normal,149100
651741,12150,5,5,1050,2,0,4,7,0,352,1952,88,5,CO,Clearwater,SplitLevel,N,Normal,180700
316192,14585,6,6,1144,1,0,3,7,2,572,1923,77,8,AZ,Amberton,Townhouse,Y,Normal,149900
631849,12704,8,5,2042,2,1,3,8,1,1390,1951,75,5,NY,Harborview,Ranch,Y,Normal,482300
543529,11841,6,5,816,1,0,3,5,0,0,1930,74,6,AZ,Birchwood,Loft,Y,Normal,142000
744014,13500,10,9,1237,3,1,3,9,1,880,1989,86,10,OH,Marbleton,1Story,Y,Normal,476800
456546,6120,4,7,884,1,0,3,6,0,240,1949,62,1,IL,Jasper Flats,1Story,Y,Normal,149400
678109,11443,8,5,1868,2,0,2,7,2,880,1977,,8,AZ,Amberton,2Story,Y,Normal,284900
454291,10267,6,7,816,1,0,2,5,0,275,1930,64,4,WA,Thornbury,1Story,Y,Normal,177800
522825,8740,5,6,840,1,0,2,4,0,528,1950,66,11,TX,Kestrel Point,Ranch,Y,Normal,122000
126134,25095,5,8,1437,1,0,1,5,2,452,1938,109,7,MA,Pinecrest,2Story,Y,Abnorml,187800
702741,9100,5,6,742,1,0,2,4,0,308,1932,68,7,FL,Redstone,1Story,Y,Normal,137600
184999,8320,7,5,770,2,1,3,6,0,520,1970,78,11,MA,Riverton,SplitLevel,Y,Normal,174300
355359,13478,10,5,1722,2,1,3,10,1,842,1998,76,2,IN,Tanglewood,2Story,Y,Partial,358800
330333,6600,5,8,816,1,0,2,4,0,816,1938,42,1,TX,Highpoint,1Story,N,Normal,128900
770604,4435,6,5,848,1,0,1,4,0,420,1945,54,7,FL,Newhaven,1Story,Y,Normal,177500
686556,7990,5,6,924,1,0,3,5,0,280,1919,48,6,NY,Maplewood,Townhouse,N,Normal,126100
820522,11302,8,5,1814,2,0,3,7,1,758,1955,86,1,TX,Kestrel Point,2Story,Y,Family,260400
200454,3600,6,7,684,1,0,3,7,0,216,1952,40,7,CA,Cedar Park,2Story,Y,Normal,176300
921528,3922,7,5,1258,0,2,2,7,1,648,1979,43,10,IL,Inglewood,1Story,Y,Normal,178000
573957,12984,5,6,1430,2,0,3,7,1,621,1936,72,2,CO,Clearwater,1Story,Y,Normal,241000
358554,1950,6,6,716,2,1,3,6,1,452,1932,29,6,FL,Prairie View,2Story,Y,Family,135400
248115,10927,8,5,1058,2,1,3,8,1,736,1941,61,10,TX,Jamestown,2Story,Y,Normal,268100
529074,9000,6,6,780,1,1,3,6,1,544,1933,,7,OH,Norwood,Townhouse,N,Normal,132200
484182,10041,8,5,908,2,1,3,8,1,506,1932,61,12,OH,Norwood,Ranch,Y,Normal,192500
810474,3182,7,5,600,2,1,2,4,0,480,1953,47,12,IN,Verdant Oaks,Townhouse,Y,Abnorml,89600
460815,12803,7,5,1494,2,0,3,6,1,530,1943,76,10,OH,Quailridge,1Story,N,Abnorml,145900
113194,13600,7,6,768,2,1,3,7,3,486,1952,95,3,NY,Harborview,Townhouse,Y,Normal,278500
813811,12464,5,5,1040,1,0,3,6,0,576,1954,81,12,NC,Wheatfield,1Story,Y,Normal,124900
482733,7800,5,8,896,3,0,3,8,0,230,1935,61,10,NC,Xavier Park,2Story,Y,Normal,157100
872034,12168,8,6,965,2,1,4,10,2,380,1952,73,9,WA,Westbrook,2Story,Y,Normal,312100
689422,7943,4,5,1029,1,0,3,5,0,261,1922,55,9,MA,Quarry Bend,2Story,N,Partial,161600
241748,11050,9,5,1440,2,1,3,8,2,736,1974,80,5,NY,Ironbridge,Ranch,Y,Normal,542000
525899,10395,6,6,1032,2,0,3,6,1,564,1962,61,8,IL,Larkspur,Townhouse,N,Normal,221100
809810,11885,8,5,1299,2,1,3,7,1,531,1960,75,6,FL,Stonegate,Ranch,Y,Normal,250700
987148,8402,5,5,1120,1,0,3,6,0,0,1959,45,11,MA,Pinecrest,Townhouse,N,Normal,133800
657068,1491,4,6,630,1,0,1,3,0,0,1907,34,7,CA,Northgate,Ranch,Y,Normal,110600
181116,8800,6,7,936,1,0,3,6,0,480,1969,80,10,AZ,Birchwood,Ranch,N,Family,174400
843764,7861,6,5,783,2,1,3,7,1,393,1968,76,11,FL,Orchard Bay,Ranch,N,Normal,175400
144607,7227,6,6,832,1,0,2,4,0,528,1947,56,4,CA,Greenfield,2Story,Y,Normal,315200
454706,11694,9,5,1822,2,0,3,9,1,774,1941,82,9,NC,Upland,1Story,Y,Normal,351000
228627,12244,8,5,1482,2,1,4,10,2,749,1972,46,12,AZ,Birchwood,SplitLevel,Y,Normal,322500
653237,8248,3,3,864,1,0,2,5,0,0,1895,87,12,NC,Trellis Park,1Story,Y,Normal,64800
945164,10800,6,7,1522,2,1,4,9,1,624,1910,80,3,IN,Willowbrook,1Story,Y,Normal,215800
469507,7064,5,6,980,1,0,3,6,0,484,1933,63,5,TX,Lindenwood,Loft,Y,Normal,122400
633506,2117,6,5,756,2,1,2,4,1,440,1948,34,6,NY,Ironbridge,1Story,Y,Normal,229800
687621,10400,6,5,732,1,2,4,8,1,484,1955,64,1,TX,Jamestown,1Story,Y,Normal,187600
801158,10000,6,6,1116,1,1,3,5,0,440,1957,,10,TX,Lindenwood,1Story,Y,Normal,163300
133702,12342,5,5,978,1,0,3,6,1,286,1932,,11,IL,Inglewood,Townhouse,Y,Normal,121200
209837,9600,6,6,1156,1,0,3,7,2,364,1939,61,8,IN,Verdant Oaks,Ranch,Y,Partial,124300
523173,11606,5,5,1040,1,2,5,9,2,504,1940,88,5,WA,Vinehill,2Story,Y,Normal,183200
491464,9020,6,5,1248,1,1,3,6,0,520,1933,68,9,OH,Norwood,Ranch,Y,Abnorml,132600
827064,9000,5,6,636,1,0,3,8,0,240,1934,72,5,NY,Harborview,1Story,N,Normal,168800
230092,4590,8,5,1554,2,0,2,6,1,627,1962,42,9,IN,Zephyr Cove,Loft,Y,Normal,213900
360935,11900,7,5,1386,2,0,3,6,1,544,1927,78,2,NC,Valley Forge,1Story,Y,Normal,216100
215407,9250,5,7,1056,1,0,3,6,0,260,1915,74,10,TX,Lindenwood,2Story,Y,Normal,146200
502925,6979,6,5,1056,0,0,0,4,0,576,1928,57,6,IL,Larkspur,Townhouse,N,Normal,127100
355920,10896,6,7,1440,2,0,8,14,0,0,1953,66,6,AZ,Edgewater,2Story,Y,Partial,228600
305042,6120,2,3,264,1,0,1,4,1,0,1905,51,6,CA,Elmwood,2Story,Y,Normal,139200
850165,6000,5,4,811,2,0,3,7,0,256,1941,73,6,OH,Marbleton,SplitLevel,N,Normal,93700
717663,8777,5,7,796,1,0,2,4,0,0,1942,75,9,NY,Ironbridge,1Story,N,Normal,181900
925342,3982,8,5,1520,2,0,1,7,1,648,1938,43,12,NY,Harborview,1Story,Y,Normal,366500
826291,12677,8,5,1518,1,1,1,6,1,588,1960,75,5,IL,Inglewood,Ranch,Y,Abnorml,229200
394273,7050,7,5,1057,2,1,3,7,1,650,1948,54,3,IN,Underhill,Townhouse,Y,Normal,119200
588205,13860,8,7,1952,2,1,4,9,3,538,1958,94,8,OH,Overlook,SplitLevel,N,Normal,323400
314801,10793,5,5,780,2,1,4,7,0,462,1961,63,6,OH,Marbleton,Ranch,Y,Normal,158300
746035,9187,9,5,1766,2,1,2,7,1,478,1975,65,2,IN,Underhill,Ranch,Y,Normal,206100
114289,10530,6,5,981,1,1,3,5,0,576,1951,,10,CA,Northgate,2Story,N,Normal,229300
260429,7200,5,5,0,1,0,3,7,0,420,1930,,12,FL,Redstone,Ranch,Y,Normal,100200
370719,10452,6,5,1094,1,0,3,5,2,495,1944,81,5,WA,Ashcroft,1Story,N,Normal,170900
624561,7700,6,5,756,1,1,4,7,1,442,1954,62,5,WA,Ashcroft,1Story,Y,Normal,180100
238639,1936,4,6,630,1,0,1,3,0,0,1947,22,6,IL,Larkspur,1Story,Y,Normal,101300
379557,8125,7,6,813,2,1,3,7,0,562,1934,71,6,FL,Quinton,2Story,N,Normal,191000
230821,9084,4,5,755,1,0,4,7,1,296,1937,64,6,NC,Trellis Park,2Story,Y,Normal,117800
411021,8750,7,5,880,2,1,2,7,1,512,1970,90,12,MA,Oakridge,1Story,Y,Normal,267600
458581,10320,6,7,756,1,0,3,7,0,216,1954,,11,AZ,Copper Ridge,2Story,N,Normal,163800
836737,10437,8,6,2109,2,1,2,7,1,839,1971,63,5,MA,Oakridge,1Story,Y,Normal,338900
140676,1680,6,5,525,1,1,3,6,0,264,1945,30,11,TX,Highpoint,2Story,Y,Normal,120700
376877,10007,5,7,1053,1,1,3,5,0,312,1945,65,7,NY,Ironbridge,SplitLevel,Y,Normal,175500
478388,7200,7,6,776,1,1,3,6,1,270,1953,64,5,FL,Orchard Bay,Ranch,Y,Normal,208800
325152,17503,6,5,912,1,0,3,6,1,330,1966,100,7,AZ,Amberton,1Story,Y,Normal,137300
606254,9937,5,7,1486,1,0,3,7,0,480,1959,70,10,IL,Millbrook,SplitLevel,Y,Normal,188300
817954,12384,7,7,793,2,1,3,7,1,550,1955,74,6,OH,Overlook,1Story,Y,Normal,203400
274246,46589,8,7,1629,2,1,4,8,1,711,1957,158,11,OH,Marbleton,1Story,Y,Abnorml,263700
716216,13560,6,3,1392,1,0,2,5,2,576,1954,98,6,AZ,Edgewater,Townhouse,N,Partial,144900
133691,10012,4,5,1138,2,0,3,6,0,588,1939,79,9,WA,Union Heights,1Story,Y,Normal,152800
238368,20896,8,5,2077,1,1,1,8,1,1134,1942,101,4,AZ,Birchwood,1Story,Y,Normal,272600
323167,11194,8,5,1406,2,1,3,7,1,504,1934,91,12,IN,Verdant Oaks,2Story,Y,Normal,179700
901487,18450,6,5,1021,2,1,3,7,1,596,1978,106,6,IN,Verdant Oaks,Ranch,Y,Normal,152200
818974,8125,6,5,1408,2,0,3,7,1,575,1934,69,6,TX,Lindenwood,1Story,N,Normal,147600
549325,14175,5,6,1188,1,1,3,6,1,576,1928,84,8,IN,Verdant Oaks,1Story,N,Normal,104300
941135,11600,4,5,700,1,0,2,5,1,252,1929,64,12,NY,Ironbridge,1Story,Y,Normal,181600
549254,8633,6,5,738,2,1,3,7,0,540,1941,61,2,MA,Northfield,Ranch,Y,Normal,197400
825939,6629,6,6,672,2,0,3,6,0,300,1934,52,6,FL,Quinton,Ranch,Y,Normal,146800
705135,11250,6,6,1208,1,1,3,6,1,546,1922,68,8,OH,Marbleton,1Story,Y,Normal,167500
308097,14442,6,7,1477,2,0,3,7,2,416,1955,73,6,WA,Thornbury,Townhouse,Y,Family,264300
659615,9200,6,6,1136,1,0,3,5,1,384,1948,53,10,OH,Rosewood,2Story,Y,Normal,141000
971615,2289,6,6,855,2,1,3,7,1,440,1945,,6,TX,Lindenwood,SplitLevel,Y,Normal,169900
194707,9600,4,2,1095,2,0,4,8,0,779,1935,75,4,CA,Fairview,1Story,Y,Normal,247200
538199,9022,5,8,768,1,0,2,5,0,240,1937,82,4,NC,Xavier Park,SplitLevel,N,Normal,113600
313310,11844,8,5,2046,2,1,3,7,1,834,1962,89,6,WA,Westbrook,1Story,Y,Normal,380100
859347,9945,5,5,988,1,0,3,5,0,572,1956,72,7,TX,Granite Hills,Ranch,Y,Partial,135000
855024,8012,6,5,923,2,0,2,5,1,264,1954,58,6,IL,Larkspur,Townhouse,N,Normal,141300
252497,4500,5,5,793,1,0,3,6,0,281,1941,56,2,IN,Verdant Oaks,2Story,Y,Abnorml,82100
515437,2887,6,5,1291,1,0,2,6,1,431,1928,35,6,AZ,Edgewater,Townhouse,Y,Normal,127100
830842,11248,9,5,1626,2,0,3,7,1,702,1953,71,1,OH,Marbleton,1Story,Y,Normal,287600
832409,16770,7,5,1195,2,1,4,7,0,486,1942,101,1,IN,Tanglewood,1Story,N,Normal,170100
951269,5062,7,5,1190,2,0,3,6,1,577,1933,56,6,IL,Hazelton,1Story,Y,Normal,144600
414722,10207,7,6,874,3,0,3,7,0,578,1977,65,6,CA,Fairview,SplitLevel,Y,Normal,526200
650876,5105,7,5,551,2,1,2,4,0,480,1951,48,7,WA,Westbrook,1Story,Y,Normal,187900
970800,8089,8,6,1419,2,0,2,7,1,567,1946,64,11,FL,Newhaven,1Story,Y,Abnorml,230300
375913,7577,6,5,1362,2,0,2,6,1,460,1943,64,2,TX,Kestrel Point,1Story,Y,Normal,179800
986827,4426,6,5,848,1,0,1,3,1,420,1950,44,7,NC,Valley Forge,1Story,Y,Normal,152500
738558,21535,10,6,2444,3,1,4,10,2,832,1962,83,6,FL,Newhaven,SplitLevel,Y,Normal,551000
997793,26178,7,5,1210,2,1,4,9,2,628,1945,127,5,TX,Lindenwood,1Story,Y,Normal,266700
635603,5400,5,6,1073,1,0,2,4,0,326,1968,60,6,FL,Stonegate,Loft,N,Normal,144000
107653,6120,5,6,927,1,1,3,5,0,576,1965,57,9,WA,Westbrook,Ranch,Y,Partial,173600
421176,13811,6,6,1112,2,0,2,5,1,551,1948,77,5,CA,Northgate,Ranch,N,Partial,282300
369634,6000,5,7,616,1,0,2,4,0,205,1923,,5,TX,Kestrel Point,2Story,N,Family,122800
692421,6420,5,7,980,1,0,2,6,0,308,1932,44,1,CO,Eastvale,Loft,Y,Abnorml,174600
242552,8450,5,8,894,1,0,3,5,1,336,1930,81,7,CO,Foxrun,SplitLevel,Y,Normal,182300
866146,4282,7,5,1391,2,0,2,5,0,530,1942,54,6,CA,Brookhaven,1Story,Y,Normal,306600
954013,14331,8,5,1800,2,0,3,7,1,765,1972,92,6,TX,Jamestown,1Story,N,Normal,247600
976174,9600,7,5,1164,1,1,3,6,0,528,1963,79,12,IL,Inglewood,SplitLevel,Y,Normal,186400
241944,12438,8,5,1234,2,1,4,10,1,666,1963,81,7,OH,Pembroke,2Story,Y,Normal,199400
396855,7630,5,9,360,2,0,4,8,1,672,1965,58,10,IL,Millbrook,1Story,Y,Normal,181700
494669,8400,7,5,1473,2,0,3,7,0,606,1955,57,10,CO,Dunmore,1Story,N,Normal,270000
246734,5600,4,5,0,2,0,3,7,0,0,1958,59,2,IN,Underhill,2Story,Y,Normal,76700
496463,115149,7,5,1643,2,0,2,5,2,739,1947,240,1,OH,Marbleton,1Story,Y,Normal,216700
101007,6240,8,5,1324,2,0,2,6,1,550,1934,56,7,WA,Yorkfield,2Story,Y,Normal,355400
695305,9018,7,5,728,2,1,3,8,1,400,1947,72,9,CO,Clearwater,2Story,Y,Normal,228600
188140,7162,5,7,876,1,0,3,6,0,408,1946,68,7,CO,Eastvale,SplitLevel,Y,Partial,221200
143074,4130,3,6,270,1,0,2,5,0,0,1909,21,10,NY,Lakeshore,1Story,N,Abnorml,95500
189341,8712,4,7,859,1,0,2,7,0,384,1919,72,3,AZ,Edgewater,Townhouse,Y,Partial,116600
503949,4671,8,5,1228,2,0,2,5,1,472,1956,62,1,IN,Willowbrook,1Story,Y,Family,162700
418971,9873,4,5,960,1,0,3,6,0,576,1937,60,10,FL,Prairie View,Ranch,N,Partial,127700
340834,13517,6,8,725,2,1,3,6,0,475,1909,97,11,NY,Ironbridge,1Story,Y,Normal,270400
788249,10140,6,5,1064,2,0,3,7,1,478,1943,82,6,NY,Ironbridge,Townhouse,Y,Normal,250600
210677,10800,7,8,718,1,1,3,8,0,704,1932,76,6,TX,Kestrel Point,1Story,Y,Normal,227300
596401,10000,5,6,1176,1,1,3,5,1,439,1935,74,8,NY,Lakeshore,2Story,N,Family,219000
338570,10542,7,5,1311,2,1,3,9,1,983,1967,80,8,IL,Hazelton,SplitLevel,N,Normal,194600
712701,9920,5,6,971,1,1,3,5,1,300,1934,87,8,IN,Tanglewood,Townhouse,Y,Normal,96900
864082,6563,8,5,1742,2,0,2,5,1,564,1941,61,4,TX,Highpoint,Townhouse,Y,Family,199200
230698,4426,6,5,848,1,0,1,3,0,420,1945,47,12,FL,Stonegate,1Story,N,Alloca,116700
740143,8120,4,7,864,1,0,3,5,0,463,1939,,6,OH,Quailridge,1Story,Y,Normal,105500
206638,8172,4,6,941,2,0,4,7,0,548,1932,66,4,FL,Prairie View,Loft,Y,Normal,146300
453721,13286,9,5,1698,2,0,3,8,1,768,1971,75,6,CA,Greenfield,2Story,Y,Abnorml,529100
930433,6960,4,6,864,1,0,3,5,0,660,1918,61,7,WA,Ashcroft,2Story,Y,Normal,135500
744170,21695,6,9,880,2,0,3,5,1,540,1975,104,9,OH,Pembroke,1Story,Y,Partial,206600
209217,7314,7,5,1232,2,0,2,6,0,632,1944,60,6,OH,Norwood,Loft,Y,Partial,211100
733079,11475,5,5,1584,2,0,4,9,0,888,1968,70,10,IN,Underhill,SplitLevel,Y,Normal,163500
620958,6240,4,5,780,1,0,2,5,0,539,1944,55,11,OH,Quailridge,Ranch,Y,Abnorml,100800
463468,5389,8,5,1595,2,0,2,5,1,608,1974,66,8,CA,Elmwood,2Story,Y,Normal,473400
951280,9590,7,5,868,2,0,3,6,1,438,1937,73,5,OH,Quailridge,SplitLevel,Y,Normal,135000
433623,11404,7,5,1153,2,1,3,8,1,541,1939,75,6,CO,Foxrun,2Story,Y,Normal,265200
141816,10000,5,6,864,1,0,3,6,1,264,1903,72,1,IN,Underhill,1Story,Y,Normal,97700
254799,8978,5,5,948,1,0,3,6,0,300,1928,51,7,IN,Tanglewood,2Story,Y,Normal,98300
492037,10800,7,7,880,1,1,2,6,2,320,1953,79,6,NC,Wheatfield,Townhouse,N,Normal,171900
750001,8544,3,4,0,2,0,2,6,0,400,1917,70,12,TX,Lindenwood,SplitLevel,Y,Normal,81400
840183,10463,8,5,893,2,1,3,8,1,800,1949,,12,IN,Underhill,Ranch,Y,Partial,216100
524660,10800,5,5,1200,3,0,3,5,0,0,1930,74,4,NY,Ironbridge,Townhouse,N,Normal,176800
657935,9313,7,5,864,2,1,3,7,0,572,1958,74,9,OH,Overlook,SplitLevel,Y,Normal,217600
135468,9600,5,7,264,2,0,2,7,0,360,1940,70,9,FL,Stonegate,2Story,Y,Partial,154300
131041,6768,6,8,912,1,0,3,5,0,288,1962,47,9,IL,Hazelton,Townhouse,N,Normal,138900
102972,8450,7,5,1349,2,0,3,6,0,539,1957,77,8,NY,Maplewood,2Story,Y,Normal,298900
771865,12886,5,6,520,2,0,3,6,1,480,1933,78,7,NC,Xavier Park,1Story,Y,Normal,173800
706111,5395,8,5,1337,2,0,2,5,1,462,1965,67,7,TX,Highpoint,SplitLevel,Y,Normal,231400
307231,8963,8,9,1142,3,1,4,11,2,831,1953,65,7,IN,Willowbrook,Townhouse,N,Normal,313300
901035,8795,7,5,952,2,1,4,8,1,554,1936,61,9,WA,Yorkfield,Townhouse,Y,Normal,229000
124922,11700,7,7,1240,1,1,4,8,1,864,1940,68,9,AZ,Copper Ridge,1Story,N,Normal,267300
369836,10593,7,5,1720,2,0,3,7,1,527,1973,72,1,CA,Northgate,Townhouse,N,Normal,301700
483837,8405,4,3,0,2,0,4,9,0,240,1931,63,7,TX,Kestrel Point,2Story,Y,Partial,119300
803354,8800,4,7,576,1,0,3,7,0,0,1948,71,9,IN,Underhill,Ranch,N,Family,80300
303251,7750,7,5,660,2,1,3,6,0,400,1999,65,7,NY,Harborview,SplitLevel,Y,Normal,304000
484347,9236,6,5,1479,2,0,3,6,0,576,1962,72,5,TX,Kestrel Point,Ranch,Y,Normal,154300
228969,10240,8,5,1030,2,1,3,8,1,878,1969,70,6,FL,Stonegate,Townhouse,Y,Normal,285800
560461,7930,6,8,1026,1,0,3,5,0,440,1938,68,5,IN,Willowbrook,1Story,Y,Normal,171700
772074,3230,6,5,729,2,1,3,6,0,440,1951,,9,NY,Juniper Hill,1Story,Y,Normal,251600
782878,10769,8,5,866,2,1,3,7,0,578,1974,69,5,IN,Willowbrook,Ranch,Y,Normal,208100
857898,11616,6,5,672,2,1,3,6,1,440,1929,,9,TX,Kestrel Point,2Story,Y,Family,121000
708504,2280,7,5,744,2,1,3,6,0,440,1948,26,8,TX,Jamestown,SplitLevel,Y,Normal,135600
453637,12257,8,5,1318,2,1,4,9,1,752,1997,77,3,CA,Fairview,Townhouse,Y,Normal,636300
950442,9100,6,6,864,1,0,2,5,0,300,1963,52,3,FL,Stonegate,Loft,N,Normal,140400
798813,6911,5,5,1145,1,0,2,5,0,440,1952,62,8,CA,Fairview,1Story,Y,Normal,317800
196870,8640,7,5,756,2,1,3,7,0,614,1973,57,3,NY,Maplewood,Loft,Y,Normal,318300
881330,9430,8,5,1252,2,1,3,8,1,856,1955,67,6,NY,Lakeshore,1Story,N,Normal,401600
386501,9549,8,5,1494,1,1,2,6,1,481,1979,,7,AZ,Copper Ridge,SplitLevel,Y,Normal,238300
376924,14587,9,5,1498,2,0,2,6,1,592,1971,83,3,NY,Ironbridge,1Story,Y,Family,373600
325407,10421,7,5,980,2,1,3,7,1,496,1957,73,5,MA,Riverton,2Story,Y,Abnorml,237000
565006,12508,6,7,983,2,0,4,7,0,423,1941,78,8,TX,Kestrel Point,1Story,Y,Normal,180800
502549,9100,7,5,1860,2,0,3,8,1,484,1961,76,1,MA,Quarry Bend,Ranch,Y,Normal,317200
616714,53504,8,5,1650,3,1,4,12,1,841,1951,165,9,AZ,Copper Ridge,2Story,Y,Normal,435400
891758,7252,5,5,858,1,0,2,5,0,576,1924,66,4,IL,Millbrook,2Story,N,Normal,113700
656988,8877,4,5,836,1,0,2,6,0,396,1947,,12,CA,Greenfield,2Story,N,Normal,184600
549842,7819,6,5,1029,1,0,3,6,1,672,1940,68,12,CA,Northgate,Ranch,N,Normal,229700
419760,10150,5,5,912,1,0,2,5,0,275,1927,54,6,TX,Ivy Ridge,1Story,N,Normal,115300
321583,14226,8,5,1935,2,0,3,9,1,895,1951,95,12,CA,Fairview,2Story,Y,Normal,572800
855807,4500,6,5,1204,2,0,2,5,0,412,1939,66,7,IL,Larkspur,2Story,Y,Normal,204500
866353,11210,7,5,1614,2,0,3,7,0,865,1957,,5,NC,Trellis Park,Loft,Y,Alloca,227100
240556,13350,5,5,864,1,0,3,5,1,440,1942,82,4,OH,Norwood,Townhouse,Y,Normal,127200
136125,8400,5,5,0,2,0,4,10,2,630,1933,59,1,IL,Inglewood,Ranch,Y,Normal,133400
720350,10530,6,5,975,1,0,2,4,0,504,1929,67,9,FL,Newhaven,2Story,Y,Normal,157800
895262,7875,7,5,1237,2,0,3,6,1,402,1929,,6,OH,Norwood,Townhouse,N,Normal,161900
396225,7153,6,5,761,2,1,3,7,0,484,1943,67,8,NC,Trellis Park,2Story,N,Normal,148200
484503,16285,7,5,1413,2,0,3,6,0,605,1946,80,8,MA,Oakridge,SplitLevel,Y,Normal,247200
517754,9101,5,6,1097,1,0,1,4,1,602,1972,75,11,OH,Marbleton,SplitLevel,Y,Normal,112700
647606,6300,6,6,742,2,0,3,9,1,0,1947,51,6,MA,Oakridge,1Story,N,Normal,161300
686965,9790,6,5,1372,2,0,3,7,1,457,1949,76,11,FL,Orchard Bay,Townhouse,N,Alloca,148400
391061,10800,5,6,686,2,0,4,7,0,416,1956,73,6,NC,Valley Forge,Loft,Y,Normal,189600
403933,10142,7,5,956,2,1,4,8,0,618,1947,68,11,NY,Ironbridge,1Story,Y,Normal,267300
144115,6000,4,7,901,1,0,2,4,0,281,1924,48,8,IN,Zephyr Cove,Ranch,Y,Normal,96600
989894,12205,6,8,832,2,1,5,9,0,444,1924,97,10,NC,Valley Forge,Townhouse,Y,Normal,183400
311556,3182,7,5,1145,2,0,2,5,1,397,1927,54,6,TX,Highpoint,2Story,Y,Abnorml,153400
303874,11333,6,5,1029,1,0,3,5,2,539,1961,83,8,AZ,Birchwood,2Story,N,Normal,180100
637684,9920,7,5,1117,2,1,3,8,1,455,1925,79,3,MA,Quarry Bend,Ranch,N,Normal,272100
545497,9158,8,5,1496,2,0,3,7,0,474,1982,79,10,WA,Vinehill,2Story,Y,Normal,287700
701978,10832,7,5,712,2,1,3,7,1,409,1946,81,12,FL,Stonegate,2Story,Y,Normal,193600
210447,8400,6,6,650,2,1,3,7,1,476,1956,58,5,TX,Highpoint,Ranch,Y,Normal,175300
543933,8197,6,5,660,1,1,3,7,1,528,1937,55,7,IL,Hazelton,Townhouse,Y,Normal,133400
965256,7677,5,5,773,1,0,2,4,0,240,1935,73,9,OH,Overlook,2Story,Y,Normal,127100
998622,13518,9,5,1926,3,1,4,11,2,820,1964,,5,IL,Kenwood,SplitLevel,Y,Normal,410200
146902,7200,5,7,731,1,1,3,7,2,240,1940,65,2,TX,Lindenwood,SplitLevel,N,Normal,132600
493074,12798,6,5,616,2,1,4,8,0,603,1940,93,4,FL,Redstone,2Story,N,Normal,203600
568645,4800,4,7,1196,1,0,2,5,0,440,1951,62,4,MA,Quarry Bend,2Story,Y,Partial,223100
432349,8199,7,5,728,2,1,3,7,1,410,1970,66,4,IN,Tanglewood,Townhouse,Y,Normal,160200
268166,13891,9,5,1734,3,1,4,12,1,1020,1959,87,7,WA,Ashcroft,1Story,N,Normal,478600
143532,9000,5,5,936,1,0,2,5,0,286,1931,,11,NC,Xavier Park,SplitLevel,Y,Normal,127700
509474,12274,7,5,1417,2,0,3,6,0,554,1958,98,7,AZ,Fernwood,1Story,Y,Normal,215400
545738,9750,5,5,980,2,0,3,6,0,384,1910,85,8,CA,Greenfield,SplitLevel,Y,Normal,225000
462775,21384,5,6,1324,1,1,3,6,1,528,1937,106,2,CA,Fairview,2Story,Y,Normal,392200
863210,13400,5,5,1024,1,0,3,6,1,484,1950,,1,NY,Maplewood,1Story,Y,Abnorml,201000
220899,8100,5,5,849,2,0,2,11,0,360,1939,74,7,CO,Dunmore,1Story,Y,Partial,232900
691490,10140,6,6,1040,1,1,3,5,1,484,1972,80,9,WA,Ashcroft,1Story,N,Normal,194000
395624,4438,6,5,848,1,0,1,4,1,420,1959,47,7,AZ,Fernwood,2Story,Y,Normal,132800
370425,8712,5,5,540,1,0,2,4,0,504,1947,69,5,MA,Northfield,2Story,Y,Normal,159700
525788,9750,6,6,1442,1,1,4,7,0,301,1951,72,1,TX,Granite Hills,2Story,Y,Normal,189000
526806,8248,5,7,686,1,1,3,7,0,280,1918,47,8,AZ,Copper Ridge,Loft,Y,Normal,123300
302012,12137,7,5,1649,2,0,3,6,0,598,1965,89,4,IN,Willowbrook,2Story,Y,Normal,242600
841081,11425,5,6,1008,1,0,2,4,1,275,1937,82,6,IL,Inglewood,SplitLevel,N,Normal,129500
845668,13265,8,5,1568,2,0,3,7,2,857,1959,75,5,TX,Lindenwood,1Story,Y,Normal,295600
296238,8816,6,7,1010,1,0,3,6,0,440,1940,69,10,NC,Yellowstone Ridge,SplitLevel,Y,Normal,114700
337445,6371,7,5,1358,2,0,2,6,1,484,1934,59,5,MA,Pinecrest,Ranch,Y,Abnorml,222300
353400,7226,7,5,798,2,1,3,6,0,595,1974,63,9,IL,Larkspur,Ranch,N,Normal,207000
111798,6000,4,4,936,1,0,2,4,0,576,1934,52,8,NY,Harborview,1Story,N,Normal,142700
748207,12394,7,5,847,2,1,3,7,1,433,1943,84,1,MA,Riverton,Townhouse,Y,Normal,205600
495886,9900,6,7,778,2,0,3,7,1,240,1942,,9,CO,Belmont,Townhouse,N,Partial,186700
568733,11216,8,5,1489,2,0,3,7,1,776,1971,69,7,NY,Lakeshore,1Story,N,Partial,511600
242116,14803,10,5,2078,2,0,2,7,1,1220,1963,92,7,FL,Redstone,Ranch,Y,Normal,484800
872550,6130,5,6,784,1,0,2,5,0,0,1932,51,10,MA,Pinecrest,SplitLevel,Y,Normal,127700
794961,8529,7,5,1454,2,0,3,6,1,527,1963,61,6,TX,Highpoint,2Story,Y,Partial,230500
858328,28698,5,5,1013,2,1,3,7,0,538,1946,109,5,NC,Xavier Park,SplitLevel,Y,Normal,163900
723462,2544,7,5,600,2,1,2,4,0,480,1957,33,4,CA,Brookhaven,Loft,N,Normal,230400
859576,11900,6,5,1392,1,1,3,6,2,458,1956,66,8,WA,Westbrook,SplitLevel,Y,Normal,191800
527079,3180,7,5,600,2,1,2,4,0,480,1930,35,4,IL,Millbrook,1Story,Y,Normal,203900
363729,9548,7,6,941,2,1,3,7,1,613,1941,66,10,CO,Foxrun,2Story,N,Abnorml,205500
385637,10004,6,6,1516,1,1,3,6,0,472,1969,70,8,FL,Prairie View,Ranch,Y,Normal,219400
230428,7875,5,6,1144,1,0,3,6,0,456,1944,69,2,CO,Foxrun,Loft,N,Normal,180800
402626,9600,4,7,1067,2,0,2,4,0,436,1925,72,7,IN,Zephyr Cove,1Story,Y,Normal,102100
505090,8100,5,6,1559,1,0,2,5,0,812,1943,,2,NC,Upland,2Story,Y,Normal,212500
871615,1680,6,5,483,1,1,2,5,0,264,1925,,11,TX,Kestrel Point,Loft,Y,Normal,118500
631625,9525,5,6,1099,1,1,3,6,0,352,1931,69,11,TX,Highpoint,2Story,Y,Abnorml,124700
216327,11767,5,6,768,1,0,3,6,0,240,1951,85,11,CA,Northgate,1Story,Y,Normal,195000
716779,12155,6,8,672,2,0,4,7,0,400,1931,86,5,IL,Larkspur,2Story,Y,Normal,199000
124916,10440,5,8,650,2,0,3,8,1,686,1911,74,4,IN,Underhill,SplitLevel,Y,Normal,118600
321189,9020,6,7,1127,1,1,3,6,0,490,1947,69,9,TX,Lindenwood,2Story,N,Normal,117200
322288,8000,5,4,1800,2,0,6,10,0,0,1937,68,7,MA,Riverton,Townhouse,Y,Partial,196900
134275,12665,5,8,876,1,1,4,7,1,720,1905,,10,NY,Harborview,1Story,Y,Abnorml,265900
516600,16647,5,5,1390,2,0,3,6,2,611,1946,91,4,NY,Juniper Hill,2Story,N,Normal,290000
200364,9317,7,5,740,2,1,3,7,1,425,1956,77,7,CA,Brookhaven,2Story,Y,Normal,305500
407835,15523,5,6,864,1,0,3,5,1,338,1923,88,3,WA,Union Heights,SplitLevel,Y,Normal,150500
162849,45600,6,8,907,3,0,5,10,1,360,1963,154,1,CA,Greenfield,Ranch,Y,Normal,489800
841738,9600,6,7,528,2,1,3,7,1,512,1962,75,8,MA,Silverlake,2Story,N,Normal,249000
399972,4435,6,5,848,1,0,1,3,0,420,1928,47,6,CO,Belmont,Loft,Y,Normal,154500
555341,3196,8,5,1273,2,0,2,7,1,400,1945,,5,CA,Brookhaven,SplitLevel,Y,Normal,272700
905073,7128,7,5,918,2,0,4,7,2,240,1947,66,8,CA,Northgate,2Story,Y,Normal,325500
498021,12095,6,6,1127,1,1,3,7,1,645,1937,79,7,CA,Greenfield,2Story,Y,Partial,349900
163086,17920,5,4,1763,1,1,3,6,1,454,1925,93,9,FL,Quinton,1Story,Y,Normal,192800
283188,6897,5,8,1040,1,1,3,6,0,260,1927,54,4,IL,Larkspur,1Story,Y,Normal,137000
327352,10970,6,6,940,1,0,3,5,0,576,1979,83,5,CO,Clearwater,Townhouse,Y,Normal,218300
387137,8125,6,5,702,2,1,3,6,1,343,1916,53,8,OH,Overlook,2Story,Y,Abnorml,127900
251536,10400,7,5,1090,2,0,3,6,1,479,1955,72,7,AZ,Edgewater,1Story,Y,Abnorml,152400
991470,11029,6,7,1054,2,1,4,9,1,619,1961,83,7,CO,Eastvale,Ranch,N,Normal,262200
587050,7642,7,8,912,1,1,3,7,1,216,1971,61,3,FL,Newhaven,Ranch,Y,Normal,196100
815996,11625,5,4,1039,1,1,3,6,0,504,1926,63,5,OH,Marbleton,1Story,Y,Normal,123400
207730,9672,6,5,1040,2,0,3,6,0,480,1948,63,10,WA,Thornbury,2Story,N,Normal,204200
205075,7931,5,5,1148,1,0,3,6,0,672,1929,59,4,TX,Jamestown,1Story,N,Alloca,96800
127083,8640,7,5,1372,2,0,3,6,0,529,1970,75,10,TX,Kestrel Point,1Story,Y,Normal,255600
484299,8750,5,6,1002,1,0,3,5,0,902,1957,46,12,OH,Pembroke,1Story,Y,Normal,117300
394694,10656,8,5,1638,2,0,3,6,1,870,1960,68,11,IL,Kenwood,1Story,Y,Alloca,242600
620476,6970,4,5,1040,1,1,3,5,0,544,1937,79,7,WA,Westbrook,2Story,N,Normal,155100
362084,14762,5,6,0,2,0,2,7,1,672,1945,85,9,NC,Xavier Park,1Story,Y,Normal,147400
539485,9938,7,5,1050,2,1,3,8,1,574,1954,80,8,CO,Foxrun,SplitLevel,Y,Normal,282300
558528,6600,5,5,894,1,0,2,5,0,308,1927,63,6,OH,Quailridge,Ranch,Y,Partial,103900
746638,8750,6,5,804,2,1,3,7,0,523,1951,56,7,FL,Redstone,2Story,Y,Normal,199600
517916,8892,5,7,105,1,0,3,5,0,414,1934,63,4,WA,Thornbury,SplitLevel,Y,Normal,169400
945249,12144,5,7,832,1,0,3,6,1,288,1960,69,7,OH,Quailridge,1Story,Y,Normal,107400
572401,5720,5,6,676,1,1,3,5,0,200,1917,53,7,AZ,Birchwood,SplitLevel,N,Normal,102600
619326,9000,8,5,1184,2,1,4,11,1,550,1949,70,10,TX,Kestrel Point,Ranch,Y,Normal,244400
143551,25286,4,5,1064,1,0,3,5,0,648,1930,110,6,CO,Clearwater,2Story,Y,Normal,230400
287690,8834,9,5,1462,2,1,4,10,1,738,1975,61,12,IL,Hazelton,1Story,Y,Normal,278600
422586,11782,5,7,1109,1,0,3,6,0,576,1941,81,12,CA,Cedar Park,Townhouse,N,Normal,170700
141821,7000,5,8,864,1,0,3,6,0,336,1963,69,7,IL,Larkspur,2Story,Y,Normal,190100
268247,7024,5,5,1090,1,1,2,5,0,450,1951,62,7,CA,Elmwood,Ranch,Y,Normal,229000
686706,13758,7,5,1156,2,1,3,7,1,400,1952,,11,NC,Trellis Park,Ranch,Y,Normal,182500
503409,9636,6,5,808,2,1,3,7,1,389,1935,59,10,IL,Larkspur,2Story,Y,Normal,196500
326439,6204,4,5,795,1,0,5,10,0,440,1929,28,5,IL,Kenwood,2Story,N,Normal,123500
451078,7150,5,5,892,1,0,3,5,0,288,1917,57,8,NC,Yellowstone Ridge,1Story,Y,Normal,103300
728704,5119,9,5,1698,2,0,2,5,1,506,1968,44,2,CA,Elmwood,Ranch,Y,Partial,538200
879134,8393,5,5,1626,2,0,4,8,0,588,1935,55,11,AZ,Amberton,SplitLevel,Y,Partial,163100
295851,16466,5,7,816,1,1,3,8,0,300,1942,81,1,OH,Pembroke,Loft,Y,Normal,116200
125283,15865,8,6,2217,2,0,4,8,1,621,1958,86,5,AZ,Fernwood,1Story,Y,Normal,284300
486966,12160,6,4,1505,1,0,2,6,1,505,1930,,12,IN,Willowbrook,2Story,Y,Partial,191500
417531,8064,5,7,672,1,0,3,6,1,576,1932,70,9,CO,Dunmore,1Story,Y,Normal,165400
588365,11184,6,5,918,2,1,3,7,1,440,1949,75,12,OH,Overlook,1Story,Y,Normal,162600
404244,8414,6,8,1059,1,0,3,6,0,264,1931,60,12,CO,Eastvale,2Story,N,Normal,208900
864684,13284,5,5,1383,1,0,3,6,1,354,1954,74,9,TX,Lindenwood,1Story,N,Normal,115400
647211,7018,5,5,0,2,0,4,8,0,400,1919,53,1,CO,Belmont,1Story,Y,Normal,130100
865004,7056,6,5,780,1,1,4,8,1,483,1924,52,11,IL,Hazelton,2Story,Y,Family,157200
679051,8765,4,6,951,1,0,2,6,0,327,1920,66,10,MA,Riverton,SplitLevel,N,Family,99200
112866,7018,5,5,0,2,0,6,12,0,528,1944,74,9,IN,Verdant Oaks,1Story,N,Normal,111200
421712,12919,9,5,2330,2,1,2,11,2,820,1959,87,6,IL,Larkspur,1Story,Y,Normal,398900
712204,6993,5,7,912,1,0,3,6,1,288,1930,69,3,IN,Tanglewood,1Story,Y,Normal,109000
752759,7340,4,6,858,1,0,2,4,0,684,1930,,4,AZ,Edgewater,Townhouse,Y,Normal,92300
605572,8712,5,7,992,1,0,2,5,0,756,1926,60,7,CA,Cedar Park,1Story,N,Normal,173900
837246,7875,7,5,783,2,1,3,8,1,393,1975,,3,CA,Fairview,2Story,Y,Normal,407100
350508,14859,7,5,1670,2,0,3,7,1,690,1968,90,11,NC,Upland,Townhouse,Y,Family,254200
330272,6173,5,6,876,1,0,3,6,0,288,1944,42,5,OH,Overlook,2Story,Y,Abnorml,135900
724383,9920,5,5,1056,1,0,3,6,0,280,1923,76,8,NC,Wheatfield,2Story,Y,Normal,132800
679961,13501,8,5,1623,2,0,3,8,1,865,1977,94,4,FL,Redstone,2Story,Y,Partial,407800
215281,11500,7,7,1017,1,1,3,6,1,180,1939,57,6,CA,Greenfield,Townhouse,Y,Abnorml,179200
707890,8885,5,5,864,1,0,2,5,0,484,1956,70,3,CO,Clearwater,1Story,Y,Normal,164200
711017,12589,6,5,742,2,1,3,8,1,390,1947,90,12,NC,Yellowstone Ridge,Townhouse,Y,Normal,127500
474836,11600,5,5,1105,2,0,5,12,0,480,1932,93,6,IN,Tanglewood,2Story,Y,Abnorml,122700
851780,9286,5,7,1268,1,1,3,5,0,252,1942,81,9,NY,Maplewood,2Story,Y,Normal,212900
182877,6120,5,7,768,1,0,3,6,0,450,1920,61,4,AZ,Edgewater,1Story,Y,Normal,98800
575368,6270,5,6,1001,2,0,4,8,0,871,1937,62,5,IL,Kenwood,1Story,Y,Normal,194100
449522,3000,6,5,612,2,1,2,4,0,528,1953,35,4,CO,Clearwater,2Story,Y,Normal,200700
927804,2001,4,5,546,1,1,3,6,0,286,1912,39,8,IL,Larkspur,SplitLevel,N,Normal,79600
350853,9000,2,3,480,0,0,1,4,0,308,1919,63,1,NC,Trellis Park,1Story,Y,Normal,59000
462987,17140,4,6,1134,1,0,3,6,0,284,1923,101,3,NY,Kingsport,1Story,Y,Normal,217100
404524,13125,7,5,1104,2,1,4,8,1,833,1960,76,9,MA,Riverton,Ranch,Y,Normal,318900
150328,11029,6,8,1184,1,0,3,6,1,601,1925,72,2,CA,Greenfield,Townhouse,Y,Normal,278000
229599,8462,6,5,928,2,1,3,7,0,471,1963,65,10,TX,Kestrel Point,2Story,Y,Partial,208800
829834,8777,5,7,1272,2,2,4,9,0,0,1965,69,7,CO,Belmont,2Story,Y,Abnorml,214800
180958,10237,6,5,1316,2,0,3,6,1,397,1943,78,9,TX,Highpoint,1Story,Y,Normal,174800
349678,8012,6,5,1604,2,0,2,5,1,533,1929,79,4,IN,Zephyr Cove,2Story,Y,Normal,142100
500812,10240,6,6,1686,2,0,3,7,1,612,1938,78,8,FL,Stonegate,2Story,Y,Partial,251000
990286,15611,5,6,1126,2,0,3,6,0,540,1916,92,7,TX,Lindenwood,2Story,N,Abnorml,138500
136217,11999,8,5,1181,2,1,4,10,1,656,1983,87,5,OH,Norwood,1Story,Y,Normal,348500
768993,9900,7,5,832,2,1,4,9,1,486,1945,,4,FL,Redstone,Ranch,N,Normal,207400
585152,11838,8,5,1753,2,0,3,7,1,522,1970,76,3,CA,Cedar Park,Townhouse,Y,Normal,301600
202729,13006,7,5,964,2,1,4,8,1,642,1962,81,8,WA,Westbrook,Townhouse,Y,Normal,222600
610926,8925,8,5,1466,2,0,3,7,0,610,1974,61,10,CO,Foxrun,SplitLevel,Y,Normal,268200
863386,9100,5,6,925,1,0,2,5,0,429,1934,63,5,CO,Clearwater,2Story,Y,Normal,196600
589399,11670,9,5,1905,2,0,3,8,1,788,1969,67,9,MA,Quarry Bend,1Story,N,Normal,454600
665739,8487,7,5,1500,2,0,3,6,0,570,1947,61,6,TX,Granite Hills,Ranch,Y,Normal,188200
797847,27650,7,7,585,2,0,4,9,1,505,1964,122,10,MA,Oakridge,2Story,Y,Normal,280600
115757,5825,4,5,600,1,0,1,5,0,528,1950,56,5,IN,Verdant Oaks,2Story,Y,Normal,87200
836186,10083,7,5,1176,2,0,2,5,0,555,1969,75,11,CO,Glenmoor,1Story,Y,Normal,234900
630392,9675,7,5,1113,2,1,3,8,1,689,1950,65,8,TX,Lindenwood,2Story,Y,Abnorml,193000
980124,8760,7,5,1391,2,1,3,7,0,868,1962,78,4,TX,Highpoint,2Story,Y,Abnorml,232800
301576,24090,7,7,1032,2,0,4,10,2,349,1953,105,8,IN,Summit Park,Ranch,N,Normal,161300
725663,12640,6,5,1728,2,0,4,8,0,574,1941,86,12,AZ,Amberton,1Story,Y,Normal,165100
198854,8755,7,5,992,2,1,3,8,1,390,1965,68,1,WA,Yorkfield,Ranch,N,Normal,208400
584041,7711,4,3,1440,2,0,4,8,0,0,1947,63,6,IN,Zephyr Cove,2Story,N,Family,101200
753651,25000,5,4,1632,2,0,4,8,0,576,1939,98,7,IN,Tanglewood,Townhouse,N,Normal,126000
355606,14375,6,6,819,1,0,3,7,1,525,1945,90,6,CA,Fairview,Townhouse,N,Family,310200
146244,8820,5,6,1088,1,0,2,7,0,456,1937,69,1,NY,Ironbridge,1Story,Y,Normal,210200
559990,8163,5,6,1144,1,0,3,6,1,796,1919,69,12,WA,Union Heights,Townhouse,N,Family,200500
367523,14536,8,5,1616,2,0,3,9,1,808,1934,94,8,TX,Highpoint,1Story,Y,Normal,284400
107296,14006,7,5,936,2,1,3,7,1,474,1971,98,4,WA,Ashcroft,1Story,Y,Normal,247500
605216,9360,6,7,1161,1,1,3,5,1,676,1941,57,10,WA,Union Heights,2Story,Y,Normal,267500
421914,7200,5,8,864,1,0,3,5,0,720,1957,60,7,CA,Fairview,Ranch,Y,Normal,322400
551068,7800,5,5,828,1,0,3,6,0,300,1921,66,4,WA,Westbrook,Townhouse,Y,Normal,133200
125686,7200,5,8,768,1,0,2,5,0,396,1941,52,11,FL,Prairie View,2Story,Y,Normal,136500
696584,11075,5,4,784,2,1,4,7,1,530,1936,,5,WA,Yorkfield,1Story,Y,Normal,182300
321820,9400,6,5,945,2,0,4,4,0,0,1933,65,7,IN,Willowbrook,2Story,Y,Normal,126500
834539,7136,6,6,979,2,0,4,8,0,492,1959,60,7,TX,Granite Hills,1Story,N,Normal,157900
926545,1300,6,6,561,1,1,2,5,1,462,1934,29,3,FL,Orchard Bay,2Story,Y,Abnorml,121500
453702,7420,5,5,1057,1,0,3,6,0,576,1942,66,11,NC,Xavier Park,1Story,Y,Partial,209500
438374,8450,7,5,1337,2,0,3,6,0,531,1918,67,10,FL,Orchard Bay,2Story,N,Normal,185400
983188,2572,7,5,696,2,1,3,6,0,484,1953,26,10,CA,Greenfield,1Story,N,Normal,293300
124854,7207,5,7,858,1,0,2,4,0,0,1955,67,5,CO,Clearwater,Loft,Y,Normal,160600
982799,12227,6,7,1330,2,1,4,11,1,619,1945,90,11,AZ,Copper Ridge,2Story,Y,Normal,212300
690680,2308,6,6,804,2,1,3,7,1,440,1929,39,7,NY,Maplewood,1Story,N,Normal,223000
734701,11923,9,5,1800,2,0,2,7,0,702,1971,68,2,NC,Yellowstone Ridge,1Story,N,Normal,267500
607259,11316,7,5,817,2,1,4,8,1,510,1950,73,6,CA,Fairview,Ranch,Y,Normal,413600
906926,10237,6,5,783,2,1,3,8,1,393,1940,74,8,IL,Larkspur,2Story,Y,Abnorml,202300
994054,9600,5,7,728,1,1,2,7,2,256,1953,64,3,IL,Jasper Flats,SplitLevel,N,Normal,195700
134657,7390,5,7,1098,1,0,3,6,0,260,1954,57,5,FL,Quinton,2Story,Y,Normal,162900
894819,5925,3,6,600,1,0,2,6,0,0,1925,,4,OH,Norwood,Ranch,N,Normal,80300
744343,10382,6,5,588,1,0,2,6,0,264,1948,63,11,CA,Cedar Park,2Story,Y,Normal,236400
371424,10800,4,4,720,1,1,4,6,0,0,1941,73,7,TX,Granite Hills,1Story,Y,Normal,128200
237619,2268,7,5,764,2,0,2,6,0,474,1952,39,10,CO,Glenmoor,Ranch,N,Normal,187900
835774,7892,6,5,918,2,0,2,5,1,264,1940,70,5,FL,Prairie View,Ranch,Y,Normal,142400
952976,11639,7,5,1428,2,0,3,6,0,480,1948,78,10,CA,Northgate,2Story,Y,Normal,342300
816905,11414,7,8,728,1,0,3,8,0,532,1983,80,3,CA,Cedar Park,SplitLevel,Y,Normal,258400
389825,2651,7,5,673,2,1,3,6,0,490,1954,38,5,MA,Quarry Bend,1Story,Y,Family,231600
756260,5900,4,7,440,1,0,2,4,0,0,1908,61,5,IN,Zephyr Cove,SplitLevel,N,Abnorml,64000
364690,4274,7,5,1241,1,1,1,4,0,569,1944,53,5,NC,Wheatfield,SplitLevel,Y,Normal,158100
736388,9450,4,5,894,1,0,3,5,0,400,1930,77,8,WA,Vinehill,Ranch,Y,Normal,124300
469470,8816,5,6,1121,1,0,3,5,0,480,1932,76,5,TX,Highpoint,Ranch,N,Partial,121600
488291,12122,7,9,944,1,0,3,6,0,588,1950,79,7,TX,Jamestown,1Story,Y,Normal,218000
541174,12203,8,5,1225,2,1,4,8,1,676,1948,78,1,FL,Stonegate,1Story,N,Normal,247900
742253,3182,7,5,1266,2,0,2,6,1,388,1947,46,11,IL,Hazelton,1Story,Y,Normal,121600
597507,11250,8,5,1128,2,1,4,9,1,779,1959,84,4,CA,Cedar Park,1Story,Y,Normal,324100
688082,10125,5,5,0,2,0,4,8,0,539,1937,82,7,NY,Ironbridge,Ranch,Y,Normal,193600
106034,10880,5,5,1164,1,0,3,5,0,240,1933,75,1,CO,Belmont,SplitLevel,Y,Normal,144000
860997,5310,6,8,485,1,0,2,5,0,255,1934,55,2,FL,Redstone,Loft,N,Normal,151000
832536,10159,9,5,1930,2,1,3,8,1,606,1962,66,11,OH,Overlook,Ranch,Y,Partial,327500
659157,12046,6,6,848,2,1,4,8,1,551,1952,74,9,NC,Xavier Park,1Story,Y,Normal,233300
380488,8125,7,5,770,2,1,3,6,0,614,1929,64,10,IN,Verdant Oaks,2Story,N,Normal,133200
384045,9452,8,5,1396,2,1,3,7,1,870,1981,46,6,CA,Northgate,1Story,Y,Normal,455100
608932,17671,8,9,916,1,1,4,8,1,424,1950,82,6,TX,Kestrel Point,Ranch,Y,Normal,272800
257748,9760,6,8,822,2,1,3,7,1,440,1933,75,9,CA,Fairview,1Story,N,Normal,341500
498959,8846,6,5,750,2,1,3,6,0,564,1945,70,6,WA,Vinehill,2Story,Y,Normal,185800
390591,12456,10,5,1700,2,0,3,7,1,786,1989,80,3,OH,Pembroke,2Story,Y,Normal,331100
818422,4712,4,7,747,1,1,3,5,0,305,1947,51,7,CA,Brookhaven,Ranch,Y,Normal,171900
182186,10659,5,6,1050,1,0,3,6,0,368,1950,75,8,IN,Verdant Oaks,1Story,Y,Partial,112300
383565,11717,6,6,1442,2,0,2,6,1,615,1972,69,11,MA,Riverton,Ranch,N,Partial,217600
504760,9786,3,4,1007,1,0,3,6,1,210,1915,74,5,IN,Zephyr Cove,1Story,Y,Normal,83900
963767,6762,7,5,1187,2,0,2,6,0,632,1941,52,11,IN,Tanglewood,1Story,Y,Normal,162600
400693,10206,3,3,0,1,0,2,4,0,528,1919,,6,TX,Lindenwood,2Story,N,Normal,84300
414759,5400,5,6,691,1,0,2,4,0,216,1932,41,10,CA,Brookhaven,2Story,Y,Normal,212100
241273,11957,8,5,1574,2,0,3,7,1,824,1958,75,8,NY,Harborview,1Story,Y,Normal,394100
646158,11500,5,6,1680,2,0,4,8,0,528,1969,78,5,CA,Elmwood,2Story,Y,Normal,382800
286472,3182,7,5,1346,2,0,1,7,1,457,1944,28,6,TX,Granite Hills,1Story,Y,Normal,196200
996429,8385,5,8,985,2,0,3,6,0,328,1948,60,8,FL,Prairie View,1Story,N,Normal,165400
668126,12155,6,3,1657,2,0,3,7,1,484,1954,83,11,NY,Lakeshore,2Story,Y,Normal,333200
257923,2217,4,4,546,1,1,3,6,0,286,1942,32,5,FL,Redstone,2Story,N,Abnorml,84100
722698,12118,7,5,1710,2,0,3,7,1,550,1957,82,4,CO,Eastvale,2Story,Y,Normal,302900
952610,6000,5,5,1008,2,0,4,7,0,0,1933,,12,WA,Vinehill,1Story,Y,Partial,140500
723395,21286,5,5,720,2,0,4,7,1,312,1949,121,4,IN,Willowbrook,1Story,Y,Normal,163900
779506,9825,5,5,0,2,0,4,8,0,0,1950,,5,MA,Silverlake,1Story,Y,Normal,178400
937148,10592,6,7,602,1,1,3,7,2,180,1980,75,6,TX,Highpoint,1Story,Y,Normal,170500
405829,7200,5,4,1022,1,0,2,4,0,280,1965,65,2,CO,Belmont,Townhouse,Y,Normal,146300
970271,11664,6,5,1082,1,0,2,5,1,240,1920,70,7,CO,Belmont,1Story,N,Family,172200
418207,8400,8,6,810,2,1,3,6,0,528,1969,77,10,NY,Harborview,Ranch,Y,Normal,325600
482310,11883,7,5,1504,2,0,3,6,1,478,1940,68,3,TX,Lindenwood,2Story,Y,Normal,214200
260045,5814,8,5,1220,1,0,1,4,1,565,1959,59,7,WA,Ashcroft,1Story,Y,Normal,268300
237616,10784,7,5,384,2,1,3,7,1,402,1958,75,9,CA,Brookhaven,1Story,N,Normal,267300
364258,3013,7,5,1362,2,0,2,6,1,440,1935,42,11,WA,Ashcroft,Ranch,Y,Normal,214500
659581,7024,4,5,1132,1,1,2,5,0,451,1954,56,6,CA,Fairview,1Story,Y,Normal,246100
815974,7406,7,5,1199,2,0,2,6,0,632,1961,65,1,WA,Union Heights,Townhouse,Y,Normal,276200
430751,9439,5,5,912,1,0,2,6,0,160,1908,,7,CA,Cedar Park,2Story,Y,Normal,156600
419357,3182,7,5,1346,2,0,2,7,1,437,1932,27,7,WA,Westbrook,SplitLevel,N,Normal,208700
931707,15498,8,6,1565,2,0,2,10,1,665,1971,87,6,TX,Lindenwood,2Story,Y,Normal,364000
188296,7700,5,5,882,1,0,3,5,0,461,1898,,1,TX,Lindenwood,1Story,Y,Normal,118100
771659,9300,5,5,1268,1,0,3,6,2,461,1935,67,9,CA,Greenfield,2Story,N,Normal,282000
115543,9520,8,5,1638,2,0,3,7,1,800,1964,73,7,WA,Westbrook,Loft,Y,Normal,376600
263541,9492,5,5,768,1,0,3,6,1,240,1926,71,9,IN,Underhill,SplitLevel,Y,Partial,107400
637243,1680,6,7,672,1,1,3,7,0,264,1939,26,8,OH,Norwood,2Story,Y,Normal,131800
311657,7082,5,8,686,2,0,5,10,0,0,1903,55,4,IL,Larkspur,SplitLevel,N,Normal,146800
672336,15863,7,3,824,2,1,5,12,2,672,1947,83,6,WA,Ashcroft,1Story,N,Normal,234800
412065,14541,8,7,1338,2,1,5,10,1,796,1948,82,6,IL,Larkspur,1Story,Y,Normal,460600
294729,8125,7,5,1654,2,0,3,6,0,900,1945,,3,AZ,Edgewater,1Story,Y,Normal,207000
326764,6305,5,7,920,1,0,2,5,1,240,1976,49,1,CO,Eastvale,Townhouse,N,Normal,192500
495458,11500,4,3,0,1,0,3,5,0,290,1938,77,4,AZ,Copper Ridge,2Story,Y,Normal,103400
816265,12898,9,5,1620,2,0,2,6,1,912,1954,72,7,NY,Ironbridge,Ranch,Y,Normal,376700
417469,9240,8,5,1055,2,1,3,7,1,905,1980,64,3,CA,Fairview,SplitLevel,Y,Normal,450900
141885,1533,4,6,546,1,1,3,6,1,0,1927,29,1,IN,Tanglewood,Ranch,Y,Normal,71800
240513,1477,4,4,630,1,0,1,3,0,286,1932,33,3,IN,Verdant Oaks,1Story,Y,Normal,64600
648372,13125,5,4,1134,2,0,3,8,1,484,1945,82,11,MA,Quarry Bend,2Story,Y,Normal,221300
511177,9130,6,8,800,1,1,4,7,0,484,1937,60,6,WA,Union Heights,1Story,N,Abnorml,200400
185417,5381,6,5,1306,2,0,1,5,1,624,1955,52,6,CA,Greenfield,Townhouse,Y,Normal,328400
102937,11839,7,5,1475,2,1,4,10,1,514,1971,85,7,NY,Ironbridge,SplitLevel,Y,Partial,421100
709594,9600,8,5,2524,2,1,4,9,1,542,1958,92,6,NC,Yellowstone Ridge,2Story,N,Normal,328300
732045,13680,3,5,0,2,0,4,8,1,452,1938,85,7,FL,Orchard Bay,2Story,N,Family,106500
781978,16056,9,5,1992,3,1,4,11,1,716,1963,96,10,NC,Wheatfield,SplitLevel,Y,Normal,357100
882163,9245,5,5,990,1,0,3,5,0,672,1932,67,9,TX,Lindenwood,Townhouse,Y,Normal,118100
579909,21750,5,4,0,1,0,3,9,1,336,1928,118,11,CO,Eastvale,1Story,N,Normal,170900
285337,11100,4,7,0,1,0,2,6,0,308,1914,,12,IL,Kenwood,2Story,N,Normal,95200
377189,8993,7,5,1302,2,0,3,6,0,436,1940,79,6,CO,Belmont,Ranch,Y,Normal,242500
724064,11175,7,5,1316,2,0,3,6,1,440,1949,63,7,WA,Westbrook,1Story,Y,Normal,231500
599496,9500,6,6,816,1,1,4,9,1,540,1931,74,4,WA,Thornbury,2Story,Y,Normal,289500
794701,8562,5,6,1216,1,0,4,7,1,364,1924,67,5,TX,Jamestown,1Story,N,Normal,145700
485299,11367,8,5,1065,2,1,3,7,1,586,1941,62,4,TX,Kestrel Point,2Story,N,Normal,270700
428862,11361,6,5,1193,2,0,3,7,1,478,1940,77,1,IL,Millbrook,Ranch,Y,Partial,217300
504317,7052,7,5,1364,2,0,2,6,1,484,1951,62,10,CO,Foxrun,Loft,Y,Normal,262900
932338,29959,7,6,973,2,1,3,7,1,467,1964,133,7,CO,Belmont,Townhouse,N,Normal,275800
855026,11308,9,5,1104,2,1,3,10,1,836,1973,80,9,CA,Northgate,2Story,Y,Partial,490800
384465,11275,6,7,854,1,1,3,7,1,432,1936,80,8,OH,Overlook,2Story,N,Normal,161700
233031,4920,8,5,1338,2,0,2,6,0,582,1959,60,11,IL,Hazelton,Townhouse,Y,Partial,191000
980037,18000,3,4,894,1,0,2,6,0,1248,1924,101,11,TX,Granite Hills,1Story,N,Normal,107900
239742,13600,5,5,662,2,0,5,10,0,560,1953,78,5,CA,Northgate,1Story,Y,Normal,247900
717419,6000,6,6,1103,1,0,2,5,1,440,1926,61,2,IN,Verdant Oaks,Ranch,Y,Normal,115800
861027,11000,5,6,1154,1,1,3,6,1,480,1934,71,11,CO,Clearwater,2Story,N,Normal,212200
973615,14000,7,5,1306,2,1,3,7,0,533,1926,83,6,TX,Kestrel Point,Ranch,Y,Normal,193400
602347,7837,6,7,799,2,1,3,7,1,380,1927,69,5,MA,Quarry Bend,SplitLevel,Y,Normal,201700
173522,9760,6,6,780,1,1,4,7,0,442,1934,76,11,CO,Clearwater,SplitLevel,N,Normal,184400
824315,3964,6,4,942,2,1,5,10,1,576,1935,60,7,IL,Millbrook,2Story,Y,Normal,203800
834891,9600,5,7,845,1,0,2,4,0,576,1943,70,10,NY,Kingsport,2Story,N,Normal,228000
221244,10152,5,5,1048,1,0,3,6,0,286,1955,70,4,CO,Clearwater,1Story,Y,Normal,185900
526601,11700,6,6,727,1,1,4,8,0,441,1931,80,12,CO,Belmont,Ranch,Y,Normal,201000
927102,7585,5,3,810,1,0,4,7,1,280,1934,53,9,NC,Upland,2Story,Y,Abnorml,125700
592511,7950,6,6,690,1,1,3,6,0,440,1945,71,5,NC,Valley Forge,1Story,Y,Normal,123300
388674,8556,7,5,1240,2,0,2,5,0,826,1950,79,4,AZ,Birchwood,2Story,Y,Normal,207200
325644,13125,7,6,800,1,1,3,6,2,240,1967,92,6,IL,Millbrook,2Story,Y,Normal,234700
533353,10800,5,8,796,2,0,3,7,1,566,1910,65,10,AZ,Fernwood,1Story,Y,Normal,134400
836816,15870,5,5,1096,1,0,3,6,0,299,1928,101,7,WA,Westbrook,1Story,Y,Normal,157900
998001,4435,6,5,848,1,0,1,3,1,420,1942,55,8,NC,Upland,Ranch,Y,Normal,189400
132349,8775,5,5,990,1,0,3,5,0,299,1956,65,4,FL,Stonegate,SplitLevel,N,Normal,118600
526255,11040,6,7,1258,2,0,3,5,0,528,1945,76,8,FL,Stonegate,2Story,Y,Normal,179500
536354,7500,5,5,1040,1,1,3,5,0,308,1940,65,5,CO,Belmont,Ranch,Y,Alloca,172500
374377,8749,7,5,1459,2,0,3,6,1,527,1960,56,10,FL,Redstone,2Story,N,Normal,253800
796819,8800,6,6,1251,1,0,3,6,2,461,1945,60,8,FL,Redstone,Ranch,Y,Normal,198200
560083,13031,6,5,691,2,1,3,6,1,409,1939,65,7,CO,Dunmore,Ranch,Y,Normal,214600
708971,9069,6,6,936,1,0,2,5,0,564,1928,64,4,NC,Upland,2Story,Y,Normal,184600
265310,1974,4,5,546,1,1,3,6,0,286,1910,44,6,IL,Larkspur,SplitLevel,Y,Normal,97100
267467,10574,8,5,1082,2,1,3,9,1,1043,1982,80,9,CO,Clearwater,SplitLevel,N,Normal,375800
183399,2522,7,5,970,2,0,3,7,0,380,1921,25,8,OH,Pembroke,2Story,N,Normal,137900
933930,3316,8,5,1247,1,1,1,4,1,550,1954,45,9,NC,Wheatfield,2Story,Y,Normal,182500
790432,8544,3,4,0,2,0,2,6,0,400,1920,77,1,NY,Maplewood,1Story,Y,Abnorml,90400
125721,2160,7,5,600,2,1,2,4,0,462,1950,35,6,WA,Ashcroft,1Story,Y,Normal,196500
905913,8400,6,5,1181,2,0,4,7,1,576,1953,65,9,WA,Thornbury,SplitLevel,Y,Normal,223700
142007,9230,5,8,864,1,1,1,6,0,884,1932,67,7,AZ,Amberton,SplitLevel,Y,Family,141700
315050,5868,5,7,936,1,0,2,4,0,308,1907,,7,MA,Oakridge,SplitLevel,Y,Partial,164500
256757,9317,6,5,1314,2,0,3,6,1,440,1949,69,1,NC,Xavier Park,1Story,Y,Normal,193400
219471,6882,6,7,684,1,1,3,7,0,0,1956,66,6,TX,Granite Hills,SplitLevel,Y,Normal,122400
831231,3696,8,5,1074,1,1,2,5,0,461,1968,49,9,NC,Yellowstone Ridge,SplitLevel,N,Abnorml,162300
419709,6000,4,6,672,1,0,3,6,0,240,1930,70,10,CA,Fairview,Townhouse,N,Normal,175000
366790,11880,7,5,1271,2,0,3,7,1,478,1938,84,7,OH,Marbleton,Ranch,Y,Normal,196200
445915,8400,2,5,290,1,0,1,3,0,246,1918,64,7,TX,Lindenwood,1Story,N,Normal,73900
437161,9758,5,5,950,1,0,3,5,0,280,1925,73,7,MA,Northfield,Loft,Y,Normal,147700
716614,7000,5,7,1010,1,0,2,6,0,254,1938,58,9,CO,Clearwater,1Story,Y,Normal,158100
959845,8910,6,6,655,1,0,3,6,1,539,1927,69,5,IL,Jasper Flats,Townhouse,N,Normal,159500
812788,2016,5,5,630,2,1,3,6,0,440,1948,34,7,NY,Lakeshore,Townhouse,Y,Family,167000
870163,12256,8,5,1463,2,1,3,9,2,712,1979,71,3,AZ,Birchwood,Ranch,Y,Normal,286600
488045,10357,7,5,910,2,0,3,6,1,719,1944,,11,WA,Union Heights,Townhouse,Y,Normal,213200
408255,23257,7,5,868,2,1,3,9,1,422,1985,120,3,CO,Dunmore,2Story,Y,Normal,362100
555117,8063,6,5,924,2,1,3,7,1,463,1899,61,7,OH,Pembroke,2Story,Y,Normal,131000
743712,11362,8,5,1836,2,0,3,7,1,862,1969,72,3,CA,Northgate,Townhouse,Y,Normal,303000
843532,8000,6,5,773,2,1,3,8,1,431,1954,62,12,TX,Kestrel Point,Loft,N,Normal,189300
159150,10480,7,6,803,2,1,4,8,1,483,1957,75,5,OH,Overlook,Loft,Y,Normal,212200
663114,7100,5,7,816,1,0,2,5,0,308,1933,72,5,IN,Zephyr Cove,1Story,Y,Abnorml,102500
899421,8923,5,7,1008,1,0,2,6,0,240,1934,67,4,IL,Larkspur,Ranch,Y,Normal,142800
381943,5400,5,7,833,1,0,2,4,0,326,1954,64,12,FL,Newhaven,1Story,Y,Normal,136300
188976,12085,8,5,1734,2,0,3,7,1,928,1945,72,7,CO,Eastvale,1Story,Y,Normal,424800
810244,7750,8,5,408,2,1,3,7,1,527,1973,64,2,AZ,Edgewater,Townhouse,Y,Normal,148700
454502,9764,5,7,894,1,0,3,5,0,450,1923,72,1,MA,Oakridge,SplitLevel,N,Normal,128400
229913,13825,5,6,533,1,0,3,6,0,300,1952,79,9,AZ,Birchwood,Loft,N,Normal,127700
234791,7560,5,5,1040,1,0,3,6,0,286,1937,68,9,TX,Highpoint,Townhouse,Y,Normal,101500
425963,8263,6,5,1012,1,0,2,6,1,308,1956,63,9,CA,Fairview,1Story,Y,Partial,327800
978188,10084,7,5,1552,2,0,3,7,0,782,1953,82,11,IL,Hazelton,Ranch,Y,Partial,224200
362465,8926,4,3,672,1,0,3,5,0,288,1963,53,10,FL,Orchard Bay,Ranch,Y,Normal,112700
606085,9405,5,9,698,1,0,2,4,0,0,1925,73,7,MA,Quarry Bend,1Story,Y,Normal,180700
202524,9125,7,5,384,2,1,3,7,1,392,1988,62,8,MA,Silverlake,1Story,Y,Normal,331600
381101,10434,4,5,1005,1,0,2,5,1,672,1946,69,5,TX,Granite Hills,2Story,Y,Partial,128000
203242,3684,7,5,1373,2,0,2,7,1,660,1955,61,6,CA,Cedar Park,2Story,Y,Normal,300500
678942,14572,7,5,1530,2,0,3,7,1,630,1936,,9,IN,Tanglewood,Loft,Y,Normal,177400
490894,11796,7,5,847,2,1,4,8,1,434,1989,77,6,TX,Highpoint,1Story,Y,Normal,235300
380855,7200,5,5,936,1,0,2,4,0,672,1918,49,1,NY,Maplewood,Loft,Y,Normal,206600
731619,7804,4,3,1122,2,0,4,7,2,576,1932,65,10,AZ,Birchwood,Townhouse,Y,Abnorml,110600
617892,10712,5,5,974,1,0,3,5,0,0,1927,76,6,IN,Zephyr Cove,2Story,Y,Normal,96800
480652,9900,6,4,1008,2,0,5,8,0,205,1919,65,3,CA,Fairview,2Story,N,Normal,252200
467820,9828,8,5,1128,2,1,3,8,1,466,1967,62,7,CO,Foxrun,Ranch,Y,Alloca,329600
550746,8773,6,5,916,2,1,3,7,1,460,1965,,1,TX,Kestrel Point,2Story,N,Partial,191300
363959,6180,6,5,960,1,0,2,5,1,180,1961,53,8,WA,Vinehill,1Story,N,Normal,136700
317100,9600,6,5,1032,1,0,3,6,0,288,1951,73,7,IN,Zephyr Cove,SplitLevel,N,Normal,132600
367534,6342,5,8,780,1,0,2,6,0,0,1936,57,8,WA,Union Heights,Loft,Y,Normal,181400
690445,9819,6,5,1567,2,0,2,5,2,714,1931,75,10,FL,Prairie View,2Story,N,Normal,196200
434182,8731,5,5,915,1,0,3,6,1,495,1957,,6,MA,Quarry Bend,1Story,Y,Normal,166600
288429,7350,5,7,952,1,0,2,4,0,840,1929,53,11,NY,Maplewood,1Story,N,Normal,170400
438866,10304,5,7,780,2,1,4,9,1,484,1941,75,10,WA,Vinehill,2Story,Y,Normal,175800
417399,9965,8,5,1466,3,0,4,11,1,1052,1964,69,10,CO,Dunmore,2Story,N,Normal,426300
721349,9000,5,3,1006,1,0,3,5,0,0,1946,68,2,NC,Trellis Park,1Story,N,Normal,95800
652008,12180,4,4,672,1,0,2,5,0,280,1948,85,9,AZ,Edgewater,1Story,N,Normal,86700
344253,6240,5,6,1042,1,0,3,8,1,225,1951,64,5,MA,Riverton,1Story,Y,Normal,168800
969793,11200,6,5,1298,2,0,3,5,1,403,1940,78,9,IN,Verdant Oaks,SplitLevel,N,Normal,101900
164362,12000,7,7,704,1,1,3,7,1,234,1964,78,11,NC,Upland,2Story,Y,Partial,243400
451611,5700,7,7,572,1,0,2,5,1,288,1954,43,5,WA,Ashcroft,2Story,N,Normal,167900
885741,9000,7,9,650,1,0,3,7,0,324,1959,72,4,NY,Lakeshore,Ranch,Y,Abnorml,255600
553114,8280,6,5,932,1,0,2,4,1,306,1948,77,9,AZ,Birchwood,SplitLevel,Y,Partial,179200
143345,17755,5,4,1466,1,1,3,6,2,528,1939,112,8,NY,Harborview,2Story,Y,Normal,262600
971898,14115,6,7,1073,1,0,2,6,1,470,1924,77,3,FL,Stonegate,Loft,N,Normal,145500
282137,5890,6,8,816,1,0,2,5,0,432,1947,58,6,AZ,Birchwood,Ranch,Y,Normal,139000
488337,13700,7,6,864,1,2,4,8,2,492,1935,84,12,CA,Greenfield,Loft,Y,Abnorml,358800
724074,10768,5,8,1437,2,0,3,6,1,528,1961,62,4,WA,Westbrook,1Story,Y,Normal,214200
686203,9350,5,8,1219,2,0,3,6,1,502,1973,53,10,FL,Stonegate,SplitLevel,Y,Normal,175500
398639,5001,7,5,1314,2,0,2,6,1,626,1928,50,6,FL,Redstone,1Story,Y,Normal,208500
324410,11932,8,5,1580,2,0,3,7,0,830,1949,88,3,AZ,Birchwood,1Story,Y,Normal,235900
210488,9120,6,6,901,2,1,4,8,1,540,1939,66,10,IL,Kenwood,1Story,Y,Normal,209800
977299,2280,6,5,855,2,1,3,7,1,440,1946,35,8,IN,Willowbrook,2Story,Y,Normal,175800
133263,14778,6,7,1296,1,0,3,7,1,924,1939,72,10,NC,Xavier Park,Ranch,Y,Normal,209600
982952,8724,5,5,894,1,0,3,5,1,450,1953,68,6,TX,Lindenwood,2Story,Y,Normal,168000
870467,12900,4,4,1198,0,2,0,6,0,400,1920,69,10,WA,Vinehill,1Story,Y,Normal,129900
354896,16157,5,7,1360,1,1,2,5,1,588,1929,90,5,WA,Ashcroft,SplitLevel,Y,Normal,165800
268206,9541,7,5,1502,2,0,3,7,0,644,1971,66,9,NY,Juniper Hill,1Story,Y,Normal,324300
929328,10475,8,5,1694,2,0,3,7,0,776,1969,68,6,CA,Cedar Park,Townhouse,Y,Abnorml,342500
793498,10852,6,5,959,2,1,3,7,1,472,1936,86,7,OH,Pembroke,Loft,Y,Normal,155900
993397,13728,6,7,1127,2,0,4,7,2,540,1953,86,6,WA,Vinehill,1Story,Y,Normal,232300
384137,35760,10,5,1930,3,1,4,10,1,807,1974,141,4,NY,Harborview,Loft,Y,Normal,944000
930543,9880,6,6,1096,1,0,3,6,1,358,1964,60,5,IL,Inglewood,1Story,Y,Normal,184500
761676,9120,6,6,1261,1,0,3,6,1,433,1990,79,12,OH,Norwood,Townhouse,Y,Normal,167200
279847,4017,7,5,625,2,1,2,5,0,625,1958,44,1,NY,Lakeshore,Townhouse,Y,Normal,246000
594580,18030,5,6,1598,3,0,3,12,1,0,1941,99,3,TX,Granite Hills,1Story,Y,Normal,198100
827692,16560,6,8,952,2,1,4,9,1,360,1949,102,3,TX,Kestrel Point,2Story,Y,Normal,234500
904754,10678,8,5,1683,2,1,4,9,1,541,1981,87,11,IL,Hazelton,Ranch,Y,Normal,215800
542479,6951,5,5,876,1,0,3,5,0,264,1929,47,9,CO,Glenmoor,Ranch,Y,Normal,167900
406978,3950,6,8,818,1,0,3,5,0,210,1954,49,10,OH,Overlook,1Story,Y,Partial,145000
652983,7681,5,6,731,1,1,3,7,1,186,1924,57,10,CA,Northgate,1Story,Y,Normal,177900
896169,8335,5,5,0,1,0,3,5,1,0,1938,65,6,NC,Yellowstone Ridge,1Story,N,Normal,85700
684793,11170,7,5,1216,2,1,4,8,0,693,1937,75,12,NC,Wheatfield,2Story,Y,Abnorml,187700
127275,5587,8,5,1600,2,0,2,5,1,482,1965,57,1,WA,Union Heights,1Story,Y,Partial,313500
746301,15623,10,5,2396,3,1,4,10,2,813,1992,96,8,CA,Fairview,Ranch,Y,Abnorml,931700
222234,10800,5,6,1120,1,0,2,5,1,720,1933,80,9,AZ,Edgewater,2Story,Y,Normal,138000
144745,35133,5,4,1572,1,1,3,5,2,995,1975,129,7,NY,Lakeshore,1Story,N,Abnorml,280300
523472,9738,5,7,784,1,0,4,7,0,392,1941,83,6,NY,Kingsport,2Story,Y,Normal,283600
332206,10615,3,5,978,2,0,3,7,0,420,1921,82,6,NY,Harborview,1Story,Y,Normal,180700
652636,12461,8,5,1624,2,0,2,5,1,757,1943,75,12,TX,Lindenwood,Townhouse,Y,Normal,206500
274641,8935,7,5,831,2,1,3,7,0,493,1992,77,4,NY,Ironbridge,SplitLevel,Y,Normal,298000
326531,7500,7,5,994,2,1,3,7,1,442,1948,55,6,WA,Union Heights,Townhouse,Y,Normal,230400
973904,32463,4,4,1249,1,0,3,7,1,1356,1928,135,7,FL,Prairie View,1Story,N,Normal,180000
443319,2645,8,5,776,2,1,2,5,0,492,1948,41,1,IL,Jasper Flats,2Story,Y,Normal,243800
109745,9600,5,8,702,1,0,3,6,0,250,1941,67,4,MA,Riverton,Townhouse,Y,Abnorml,123000
313297,4500,6,5,1224,2,0,2,5,0,402,1962,,5,AZ,Copper Ridge,2Story,Y,Normal,182200
870140,9364,6,7,663,1,1,4,7,0,299,1922,61,8,FL,Newhaven,1Story,Y,Abnorml,148700
220227,8029,6,5,728,2,1,3,8,0,400,1934,60,9,TX,Ivy Ridge,2Story,Y,Normal,138200
542825,14054,7,5,879,2,1,4,9,1,660,1923,,5,AZ,Amberton,SplitLevel,Y,Normal,203700
939435,8850,7,6,815,1,0,3,7,1,225,1931,70,6,CO,Eastvale,Townhouse,Y,Normal,203900
394177,9100,7,5,1212,2,0,3,6,0,573,1972,63,2,MA,Quarry Bend,1Story,Y,Normal,251200
118533,11235,4,5,1051,1,1,3,6,1,459,1930,87,10,IL,Larkspur,SplitLevel,Y,Partial,155400
638254,9353,4,5,864,1,0,3,5,0,280,1941,62,9,TX,Highpoint,1Story,Y,Normal,132900
658374,10400,7,5,866,2,1,3,6,0,546,1949,80,10,IL,Jasper Flats,Ranch,Y,Normal,208600
303247,6000,5,8,884,1,0,3,5,1,216,1931,57,9,OH,Overlook,1Story,Y,Partial,123600
679087,9750,7,5,1630,2,0,3,6,1,451,1943,85,3,NC,Xavier Park,Townhouse,N,Normal,180600
821921,10140,5,6,1056,1,1,3,6,0,495,1926,70,10,CO,Dunmore,Loft,Y,Normal,194200
385370,14684,7,7,2158,2,0,3,7,1,701,1943,100,9,TX,Kestrel Point,2Story,N,Normal,329300
494779,8900,4,4,1056,1,0,2,5,0,384,1942,66,6,WA,Yorkfield,SplitLevel,Y,Normal,130200
302887,9135,6,5,1682,2,0,3,7,0,544,1957,67,6,NC,Upland,1Story,N,Normal,248100
881834,7763,5,7,931,1,0,3,6,0,506,1934,65,5,OH,Overlook,Loft,Y,Partial,165800
994110,10182,8,5,1660,2,0,3,8,1,500,1960,78,7,TX,Highpoint,1Story,Y,Normal,249800
518270,11218,6,5,1055,2,1,3,8,1,462,1925,72,5,FL,Prairie View,1Story,N,Normal,139300
147083,12134,8,7,559,2,0,4,8,0,492,1973,90,8,IL,Millbrook,2Story,N,Normal,313700
235330,9340,4,6,672,1,0,2,4,0,234,1933,80,8,TX,Highpoint,Ranch,Y,Normal,108300
369473,10246,4,9,648,0,0,0,3,0,364,1920,77,8,MA,Quarry Bend,Ranch,N,Normal,160700
708931,10205,5,5,925,1,0,3,6,0,300,1933,77,4,NY,Harborview,1Story,Y,Normal,183100
864462,7094,5,5,894,1,0,3,5,0,384,1945,58,2,NY,Ironbridge,2Story,Y,Normal,200500
152489,8930,6,5,0,2,0,4,8,0,539,1940,72,4,OH,Rosewood,Townhouse,Y,Normal,122200
204004,8640,8,5,1300,2,0,3,6,0,552,1937,70,10,IL,Jasper Flats,Townhouse,Y,Normal,265400
889197,6240,4,5,0,1,0,2,3,0,0,1934,62,10,AZ,Birchwood,Ranch,N,Normal,80800
485580,1680,6,5,672,1,1,3,7,0,0,1922,23,7,NY,Maplewood,Ranch,Y,Normal,169900
981744,7800,5,5,912,1,0,2,5,0,288,1954,69,3,NC,Xavier Park,Townhouse,Y,Normal,114100
330283,8250,5,5,952,1,0,3,5,1,322,1951,61,7,CO,Belmont,SplitLevel,Y,Normal,162800
784434,10496,6,6,1040,2,0,3,7,1,315,1952,73,10,IL,Larkspur,Ranch,Y,Normal,191400
814952,10680,5,3,2136,2,0,4,7,0,528,1922,75,5,TX,Ivy Ridge,1Story,N,Normal,127000
984024,15384,7,5,788,2,1,3,8,1,388,1955,89,12,CA,Fairview,2Story,Y,Normal,356900
370662,10482,6,8,588,1,0,3,6,0,264,1966,71,7,CA,Fairview,SplitLevel,N,Normal,278000
985974,14598,6,5,894,2,1,4,9,1,668,1940,75,8,TX,Highpoint,Townhouse,Y,Normal,173300
460118,8872,5,8,912,1,0,2,5,0,576,1940,61,6,IN,Verdant Oaks,Townhouse,Y,Normal,104700
669001,8769,9,5,1702,1,1,1,7,1,1052,1968,70,4,AZ,Edgewater,2Story,Y,Partial,327200
665446,7910,5,5,1075,2,0,4,7,0,404,1940,57,6,MA,Northfield,1Story,Y,Normal,185300
135400,18890,5,5,1361,2,2,4,12,1,600,1917,94,3,FL,Newhaven,1Story,Y,Normal,256000
821683,7728,5,6,1106,1,0,3,6,0,540,1911,,6,CO,Dunmore,Ranch,Y,Normal,190600
450340,9842,4,5,0,2,0,2,6,0,462,1947,54,6,IN,Summit Park,1Story,N,Normal,68900
411588,12160,5,5,1188,1,0,3,6,0,531,1933,83,9,TX,Kestrel Point,2Story,Y,Normal,155600
690459,8525,5,6,940,1,1,4,7,0,0,1906,73,3,FL,Stonegate,1Story,N,Normal,116300
797339,13132,5,5,747,1,1,4,9,0,180,1936,86,11,WA,Westbrook,SplitLevel,Y,Normal,175400
181348,2628,7,5,764,2,1,2,6,0,474,1942,26,10,IL,Millbrook,2Story,Y,Normal,164400
327406,12393,7,5,847,2,1,4,8,1,434,1949,77,10,IN,Tanglewood,1Story,Y,Normal,162400
226684,13072,6,5,1141,1,1,3,6,0,484,1940,75,10,MA,Riverton,1Story,Y,Normal,173600
218537,9037,8,5,1476,2,0,2,6,1,472,1949,63,9,IN,Willowbrook,Townhouse,Y,Partial,185200
976873,8158,7,5,884,2,1,3,8,0,543,1963,76,12,TX,Kestrel Point,SplitLevel,Y,Normal,202700
326680,9849,7,6,1689,2,0,3,7,0,954,1934,72,8,CA,Greenfield,Townhouse,Y,Normal,355000
816251,10625,7,6,1053,2,0,3,6,2,528,1940,78,10,IN,Zephyr Cove,2Story,Y,Partial,188400
686187,13891,10,5,2076,2,1,2,7,1,850,1992,80,11,CO,Belmont,2Story,Y,Normal,531600
900989,11435,8,7,792,1,0,3,7,2,400,1964,79,10,NY,Lakeshore,2Story,Y,Family,310200
744342,12090,6,7,585,3,1,3,7,1,477,1947,78,9,CA,Northgate,SplitLevel,N,Normal,264100
153714,8125,7,5,756,2,1,3,6,0,615,1948,57,3,NC,Wheatfield,Ranch,Y,Normal,136300
791394,12328,6,5,1012,1,0,3,6,0,888,1934,76,8,OH,Marbleton,SplitLevel,Y,Normal,124900
380696,9600,6,5,735,1,1,3,8,1,396,1944,55,5,CA,Fairview,2Story,Y,Normal,320300
810923,7200,5,7,876,1,0,3,6,0,276,1953,65,5,FL,Prairie View,Townhouse,Y,Normal,153900
386683,11160,7,5,2110,2,1,3,8,2,522,1962,76,4,CO,Belmont,2Story,Y,Normal,329700
243017,3136,7,5,1405,2,0,2,6,1,478,1945,27,3,IN,Underhill,Loft,Y,Normal,142400
325053,9858,5,6,864,1,0,3,5,0,288,1966,92,5,TX,Granite Hills,1Story,Y,Normal,143500
265741,17542,7,7,1192,2,1,3,9,2,518,1976,91,9,NY,Harborview,2Story,Y,Normal,408700
607450,6931,7,5,746,2,1,3,7,1,397,1961,65,10,TX,Kestrel Point,Ranch,N,Abnorml,163200
316414,6240,6,6,884,1,0,3,6,1,560,1920,54,6,CA,Brookhaven,1Story,Y,Normal,234600
423383,14303,8,5,1986,2,0,2,7,1,691,1958,67,5,CA,Cedar Park,Loft,Y,Normal,351000
116502,4060,5,8,864,1,0,2,4,0,0,1944,68,5,CA,Northgate,Ranch,N,Family,139400
157300,9587,7,5,856,2,0,2,5,0,400,1954,71,4,CA,Northgate,2Story,Y,Alloca,274700
268657,9750,6,8,1054,1,1,3,6,0,460,1958,,3,IL,Jasper Flats,Ranch,Y,Partial,242200
589508,24682,6,5,841,2,1,3,7,1,502,1953,111,11,TX,Kestrel Point,Townhouse,Y,Partial,184400
973073,9600,5,6,1050,1,0,2,5,0,338,1936,73,6,IN,Summit Park,1Story,Y,Normal,104900
259272,11250,4,5,1104,1,0,5,8,2,304,1937,91,5,NY,Lakeshore,2Story,N,Alloca,212100
839985,13515,6,6,764,1,0,3,8,1,520,1970,91,6,CA,Fairview,1Story,Y,Normal,402700
725875,4060,6,5,1405,2,0,2,5,0,511,1968,34,6,CO,Belmont,1Story,Y,Family,211800
638238,3735,7,5,691,2,1,3,6,0,506,1950,46,5,NC,Yellowstone Ridge,1Story,Y,Normal,165700
164853,10120,7,4,925,1,1,4,9,1,308,1951,,10,IL,Larkspur,SplitLevel,Y,Alloca,182000
559803,13214,9,5,2002,2,0,3,10,1,746,1955,76,5,TX,Granite Hills,1Story,Y,Normal,324500
522472,14100,8,9,728,3,1,4,11,2,1014,1961,95,6,CA,Cedar Park,SplitLevel,Y,Normal,419800
120128,11344,5,5,874,1,1,3,7,0,315,1930,74,5,IN,Tanglewood,1Story,N,Normal,85800
909566,23595,7,6,1332,0,1,0,4,1,586,1963,112,10,FL,Stonegate,1Story,N,Normal,207600
384118,9156,6,7,1489,2,0,3,7,1,462,1963,67,11,NC,Xavier Park,2Story,Y,Normal,215700
607317,13526,5,6,935,1,0,3,5,0,288,1952,89,9,TX,Lindenwood,Townhouse,Y,Normal,139400
824020,11512,6,7,1019,1,0,2,5,1,312,1937,84,6,FL,Newhaven,Ranch,Y,Normal,217800
615624,5362,5,6,661,2,0,3,8,1,552,1950,40,5,AZ,Edgewater,Ranch,Y,Normal,145800
986652,11345,5,5,928,2,0,4,10,0,400,1939,79,9,TX,Highpoint,Ranch,Y,Normal,150700
265993,12936,6,6,723,1,1,3,6,1,497,1950,77,8,CA,Elmwood,2Story,N,Normal,312500
704525,17871,6,5,1680,1,1,3,7,1,480,1948,89,4,WA,Yorkfield,2Story,Y,Normal,230300
707602,9473,8,5,1128,2,1,3,7,1,577,1942,65,6,AZ,Amberton,1Story,Y,Normal,172000
816662,7500,4,4,698,1,0,2,6,0,528,1929,60,3,CO,Glenmoor,1Story,Y,Normal,145900
668003,9808,7,5,1573,2,0,3,6,0,544,1941,78,2,IL,Jasper Flats,Ranch,Y,Normal,268900
608977,8049,7,5,1309,2,0,2,6,1,484,1945,70,7,WA,Thornbury,Ranch,Y,Normal,205400
420529,8800,5,7,1040,2,0,3,5,0,484,1943,41,4,IN,Tanglewood,1Story,N,Partial,121000
500806,9400,6,5,912,2,2,4,8,0,0,1966,68,7,MA,Pinecrest,Townhouse,N,Normal,203200
281745,9638,6,7,804,2,0,4,10,1,336,1934,,4,MA,Northfield,2Story,N,Family,188200
491280,6000,6,6,780,1,0,4,6,1,280,1948,63,9,IL,Kenwood,Loft,Y,Normal,171200
800907,9790,6,5,1328,1,1,3,6,2,528,1968,62,4,IN,Verdant Oaks,Ranch,Y,Partial,174500
248332,36500,5,5,1624,2,0,4,7,0,390,1960,108,12,OH,Pembroke,1Story,Y,Abnorml,134800
497871,5664,8,5,1501,2,0,2,5,1,499,1973,57,5,IN,Summit Park,1Story,Y,Normal,185300
887699,11065,8,5,1085,2,1,3,8,1,753,1962,74,4,NC,Yellowstone Ridge,2Story,Y,Normal,224000
617612,14112,5,7,1152,1,0,3,6,1,484,1930,73,3,AZ,Fernwood,2Story,Y,Normal,141100
829566,1680,5,7,630,2,1,3,6,0,264,1930,21,7,MA,Quarry Bend,Townhouse,Y,Normal,142000
384383,6600,5,4,994,2,0,4,11,0,432,1932,59,5,FL,Prairie View,2Story,Y,Normal,172400
771350,10140,7,5,832,2,1,4,8,1,528,1976,74,5,CA,Northgate,1Story,Y,Normal,305400
511202,8172,5,7,864,1,0,2,5,0,572,1952,56,10,IN,Underhill,SplitLevel,N,Normal,129100
274276,8400,5,5,1052,1,1,3,5,0,288,1943,67,8,AZ,Birchwood,2Story,Y,Abnorml,110000
738181,8700,5,6,1120,2,0,3,6,0,525,1965,82,12,WA,Yorkfield,2Story,N,Normal,174700
332980,3675,6,5,547,2,0,2,5,0,525,1941,21,6,OH,Pembroke,2Story,Y,Normal,115300
306008,63887,10,5,6110,2,1,3,12,3,1418,1977,183,6,FL,Orchard Bay,2Story,Y,Normal,1674700
479675,7500,5,7,1246,1,1,3,6,0,305,1934,63,6,MA,Pinecrest,2Story,N,Normal,202000
463328,10762,7,5,978,2,1,3,9,1,490,1979,81,6,WA,Union Heights,Ranch,Y,Normal,298000
318460,7500,6,7,771,1,0,3,7,2,213,1930,63,11,OH,Norwood,Loft,N,Normal,147100
635630,10120,8,5,1165,2,1,4,8,1,844,1962,85,6,IN,Willowbrook,SplitLevel,Y,Normal,283400
559738,8688,7,5,1616,2,0,3,7,0,834,1960,74,10,NY,Maplewood,Ranch,Y,Normal,316100
657680,3363,7,5,976,2,0,3,7,0,380,1963,45,12,NC,Wheatfield,2Story,Y,Partial,179100
721595,13173,9,5,1652,2,0,2,6,2,840,1954,86,11,TX,Lindenwood,Townhouse,Y,Normal,280700
608635,6955,7,5,1368,2,0,2,6,1,474,1977,76,10,NY,Harborview,SplitLevel,Y,Family,274300
346363,8072,5,5,990,1,0,3,5,0,480,1956,,10,NY,Harborview,Ranch,Y,Normal,219200
778566,12000,5,7,924,1,0,2,6,0,528,1955,70,12,TX,Highpoint,1Story,Y,Normal,138600
253963,7153,6,5,1278,2,0,3,6,0,496,1943,,11,NY,Lakeshore,Townhouse,Y,Normal,262100
439999,17500,7,8,1902,2,0,3,7,2,567,1943,98,9,WA,Vinehill,1Story,Y,Normal,291300
705869,8814,7,5,1274,2,0,3,6,0,508,1942,81,5,CO,Eastvale,SplitLevel,Y,Normal,211900
958742,9572,8,5,1453,2,1,4,9,1,750,1955,61,8,CA,Fairview,2Story,Y,Normal,494700
360837,14774,9,5,1393,2,1,4,10,1,779,1956,93,7,CO,Dunmore,Ranch,N,Normal,383600
258737,8190,4,6,948,1,0,3,5,1,280,1918,77,7,NY,Lakeshore,1Story,Y,Normal,228200
453099,11075,6,5,952,2,1,4,9,2,576,1959,85,11,FL,Prairie View,2Story,Y,Normal,216400
413859,10226,8,5,1622,2,0,3,8,1,860,1958,85,7,CO,Clearwater,SplitLevel,Y,Normal,351400
297468,4230,7,5,1352,2,0,2,5,1,466,1957,43,7,NC,Wheatfield,SplitLevel,Y,Normal,175500
676191,14781,8,5,1753,2,0,3,7,1,748,1947,81,5,AZ,Edgewater,1Story,Y,Family,249600
191162,10215,4,5,864,1,0,3,5,0,248,1921,76,5,IL,Jasper Flats,SplitLevel,Y,Normal,147800
514420,8400,6,3,1478,1,1,3,6,2,442,1917,,8,NC,Valley Forge,1Story,Y,Normal,176900
900826,6627,3,6,0,1,0,2,4,0,287,1914,52,7,CA,Greenfield,SplitLevel,Y,Normal,129900
971753,10186,7,5,750,2,1,3,8,1,564,1934,63,10,WA,Union Heights,2Story,Y,Normal,232200
260086,5330,4,7,420,1,0,2,5,0,0,1919,63,4,IL,Larkspur,Ranch,Y,Partial,104000
681248,9986,8,5,1795,2,0,2,7,1,895,1952,58,7,FL,Prairie View,SplitLevel,Y,Normal,292500
404984,3636,4,4,796,1,0,2,5,0,0,1916,51,6,MA,Oakridge,SplitLevel,Y,Normal,95100
892981,4270,3,6,544,1,0,3,6,0,0,1927,46,11,NY,Maplewood,1Story,Y,Partial,128300
910596,6600,5,9,816,1,0,3,5,1,264,1931,61,6,AZ,Amberton,Townhouse,Y,Partial,129400
526472,10440,6,7,1510,2,0,5,8,2,520,1926,77,1,TX,Kestrel Point,1Story,Y,Abnorml,198800
308576,9084,7,5,935,2,1,3,8,1,462,1967,68,6,AZ,Birchwood,Townhouse,Y,Alloca,186600
734358,10000,8,5,1588,2,0,3,7,1,825,1953,68,11,WA,Union Heights,1Story,Y,Normal,359700
864821,10780,5,5,911,1,0,3,6,0,576,1934,80,8,WA,Westbrook,2Story,Y,Normal,165600
340109,8877,4,6,816,1,0,2,3,1,288,1933,56,7,OH,Rosewood,Townhouse,N,Normal,79600
243442,7200,5,6,803,1,1,2,6,0,297,1915,51,10,CO,Glenmoor,2Story,Y,Normal,125000
116877,2368,5,6,765,1,1,3,7,0,440,1963,30,5,AZ,Edgewater,2Story,Y,Family,115200
750191,9650,6,5,1350,2,0,2,6,1,630,1949,65,3,CA,Brookhaven,SplitLevel,Y,Normal,252600
854722,9246,5,5,1656,2,0,4,8,0,506,1954,,10,IL,Hazelton,SplitLevel,N,Normal,144000
129261,4118,4,4,693,1,0,2,4,0,0,1929,47,10,NC,Wheatfield,Ranch,Y,Abnorml,70600
447254,13450,7,5,916,2,1,3,8,0,492,1944,89,3,WA,Thornbury,1Story,Y,Normal,256600
949176,9560,5,7,864,1,0,3,5,0,288,1935,68,7,TX,Kestrel Point,1Story,Y,Normal,127300
920408,8294,4,5,858,1,0,3,5,0,480,1953,69,2,NY,Kingsport,2Story,Y,Normal,199900
301053,13695,6,5,1114,1,0,3,6,0,576,1934,66,6,WA,Westbrook,2Story,N,Normal,191000
202339,9375,8,5,1284,2,1,3,7,1,647,1969,80,2,FL,Prairie View,1Story,Y,Normal,223100
883941,7558,6,6,896,1,1,3,9,1,342,1924,68,7,TX,Kestrel Point,2Story,N,Normal,145000
186401,11103,7,5,728,2,1,3,8,1,440,1953,73,3,CA,Brookhaven,1Story,Y,Normal,301800
775407,6000,4,4,960,1,0,2,5,0,308,1915,,10,AZ,Amberton,1Story,N,Normal,70500
810139,20781,7,7,1568,2,0,3,9,1,508,1952,,11,NC,Valley Forge,1Story,N,Normal,258000
310710,15306,8,5,1732,2,0,3,7,1,712,1961,95,5,OH,Quailridge,1Story,Y,Normal,248000
779429,16196,7,5,1482,2,0,3,5,1,514,1968,98,6,IL,Kenwood,1Story,Y,Partial,265900
703301,5250,8,5,684,2,0,4,8,0,0,1942,65,7,FL,Redstone,1Story,Y,Normal,171500
521265,11643,5,5,1248,2,2,6,12,0,968,1933,69,5,AZ,Deerfield,2Story,N,Normal,189300
573398,9247,6,6,858,1,1,4,8,1,490,1951,65,10,IN,Willowbrook,SplitLevel,N,Normal,147700
177675,6000,6,9,698,1,0,2,4,0,624,1937,52,4,OH,Pembroke,Ranch,Y,Family,104700
931039,14720,8,5,2033,2,1,4,9,1,666,1932,96,2,MA,Quarry Bend,1Story,Y,Normal,376700
987288,10316,7,5,992,2,1,3,7,1,839,1961,88,11,WA,Union Heights,1Story,N,Normal,246700
332610,10192,7,6,570,3,0,4,8,1,487,1945,78,6,NY,Harborview,SplitLevel,Y,Normal,294900
973180,9477,5,5,864,1,0,3,5,0,264,1943,79,3,MA,Silverlake,2Story,N,Normal,192100
301828,12537,5,6,1078,1,1,3,6,1,500,1939,80,6,AZ,Deerfield,Ranch,Y,Normal,155500
571254,2117,6,5,756,2,1,3,5,0,440,1940,35,9,AZ,Birchwood,1Story,Y,Normal,146900
861945,16737,9,5,1980,2,0,3,8,1,770,1981,97,4,FL,Redstone,Townhouse,Y,Normal,417600
550585,9842,5,6,612,3,1,4,8,0,621,1928,69,4,TX,Ivy Ridge,SplitLevel,N,Normal,123600
264659,16158,7,5,1530,2,0,3,7,1,430,1975,79,7,NY,Harborview,1Story,Y,Normal,326900
956041,12513,4,4,715,2,0,4,7,1,368,1909,81,8,NY,Kingsport,SplitLevel,N,Normal,182800
570146,8499,6,5,616,2,1,3,6,1,432,1914,58,3,NC,Trellis Park,2Story,Y,Partial,150500
752814,3180,7,5,600,2,1,2,4,0,480,1951,44,10,NC,Yellowstone Ridge,2Story,N,Partial,141000
285176,7500,7,5,814,2,1,3,7,0,663,1958,66,9,NC,Xavier Park,1Story,Y,Normal,202400
380224,9179,7,5,873,2,1,3,7,0,588,1954,61,6,TX,Kestrel Point,Townhouse,Y,Partial,215300
578872,2665,5,6,757,2,0,4,6,1,336,1941,38,11,FL,Prairie View,Ranch,Y,Normal,115300
201039,4435,6,5,848,1,0,1,4,0,420,1948,45,8,CA,Northgate,Townhouse,Y,Normal,166100
562282,10635,8,5,1657,2,0,3,8,1,502,1963,72,12,CO,Dunmore,Townhouse,Y,Normal,354300
120335,5400,4,6,840,1,0,2,6,0,338,1896,64,9,AZ,Birchwood,2Story,Y,Normal,108700
745516,9600,6,6,992,1,0,3,8,1,377,1960,73,9,IL,Hazelton,SplitLevel,Y,Normal,160900
547402,9750,7,6,1108,2,1,3,8,1,583,1949,67,10,NC,Trellis Park,SplitLevel,Y,Normal,186700
483622,11400,10,5,2633,2,1,2,8,2,804,1969,94,11,TX,Highpoint,Ranch,Y,Normal,418500
380969,10625,7,5,1026,2,1,3,9,1,936,1970,90,6,IN,Willowbrook,SplitLevel,Y,Normal,241400
109576,10991,8,5,1571,2,0,3,7,1,722,1940,69,6,NY,Harborview,1Story,Y,Abnorml,382100
925504,6292,6,5,768,1,0,2,4,0,160,1931,50,10,IN,Willowbrook,1Story,Y,Normal,104500
761036,10998,5,5,984,2,0,3,6,0,660,1954,71,7,CO,Belmont,Ranch,Y,Normal,177100
775274,1953,6,5,483,1,1,2,5,0,264,1949,25,12,OH,Pembroke,1Story,Y,Normal,119100
948904,9735,5,5,384,2,1,3,7,0,400,1945,70,4,CO,Dunmore,1Story,N,Normal,155200
599754,8212,3,3,864,1,0,2,5,0,200,1908,64,8,WA,Ashcroft,SplitLevel,Y,Normal,106000
432045,12925,6,7,1205,2,1,4,7,2,550,1978,84,10,AZ,Edgewater,SplitLevel,Y,Normal,200400
579536,7200,7,7,596,1,1,4,8,0,576,1957,53,6,TX,Granite Hills,2Story,Y,Normal,206000
922204,25339,5,7,816,2,0,3,7,0,576,1935,125,10,CO,Eastvale,SplitLevel,Y,Normal,236800
139956,9060,6,5,560,1,0,2,6,0,280,1953,65,11,NC,Trellis Park,1Story,Y,Normal,132800
934787,5436,4,8,796,1,0,3,7,0,240,1919,50,6,CO,Clearwater,Ranch,Y,Normal,146900
378274,16692,7,5,1392,3,1,5,12,2,564,1936,93,2,CA,Northgate,SplitLevel,N,Partial,365600
257508,8520,6,7,714,2,0,5,10,1,216,1952,76,1,CA,Cedar Park,SplitLevel,Y,Normal,212000
867394,14892,9,5,1746,2,0,3,7,2,758,1980,80,8,OH,Quailridge,Ranch,N,Normal,298600
408306,6000,6,6,735,1,0,3,6,1,440,1927,53,3,NC,Xavier Park,2Story,Y,Normal,161400
554480,9100,7,5,1525,2,0,3,6,0,541,1957,75,4,NC,Xavier Park,1Story,Y,Normal,221800
292042,8944,5,5,1584,2,0,4,8,0,792,1921,71,8,NY,Ironbridge,Ranch,N,Partial,221500
532711,7838,5,5,864,1,0,3,6,1,288,1930,,2,IL,Inglewood,1Story,Y,Normal,140800
991345,10800,6,7,482,2,0,3,7,1,672,1939,82,11,AZ,Copper Ridge,Ranch,N,Normal,137100
415423,4045,7,5,1356,2,0,2,6,1,648,1952,52,5,IL,Inglewood,2Story,Y,Normal,283100
963618,12665,8,5,1094,2,1,4,9,1,642,1965,92,4,AZ,Amberton,Townhouse,Y,Family,185700
362277,57200,5,5,747,1,0,3,7,2,572,1942,177,8,WA,Yorkfield,Ranch,Y,Normal,175600
527817,6120,5,8,939,1,1,4,8,0,180,1936,60,12,NC,Yellowstone Ridge,Townhouse,N,Normal,113600
287571,7200,5,4,1208,1,1,3,7,0,240,1941,66,9,NY,Maplewood,1Story,Y,Normal,186700
468429,6171,6,6,976,2,1,3,7,1,216,1940,53,6,CO,Eastvale,Ranch,Y,Normal,196300
342504,6000,6,7,862,1,0,3,5,1,208,1938,,2,OH,Pembroke,SplitLevel,N,Normal,110300
302025,7415,6,5,839,2,1,3,8,1,398,1964,53,6,IL,Millbrook,2Story,Y,Normal,226200
586760,6762,7,5,1286,2,0,2,6,1,662,1963,55,6,AZ,Amberton,SplitLevel,Y,Normal,180400
462634,15256,8,5,1485,2,0,3,6,0,754,1970,90,9,TX,Lindenwood,Ranch,Y,Normal,281700
942472,10410,3,4,672,1,0,3,6,0,936,1927,67,10,NC,Xavier Park,SplitLevel,N,Normal,92000
428890,3842,8,5,1594,2,0,2,5,1,482,1953,54,12,NC,Xavier Park,Ranch,N,Normal,190400
175034,8445,5,7,768,1,0,2,5,0,396,1938,79,11,FL,Orchard Bay,1Story,Y,Partial,126100
240408,8780,5,5,833,1,0,3,5,0,0,1952,63,11,CO,Belmont,2Story,Y,Normal,159600
598345,7740,4,7,622,1,0,3,6,0,528,1933,,8,NC,Wheatfield,1Story,Y,Normal,116100
177341,20544,7,6,791,2,1,3,7,1,542,1944,101,2,TX,Granite Hills,1Story,N,Normal,156300
997634,12420,7,5,944,2,1,3,6,0,622,1968,86,11,CO,Foxrun,Loft,Y,Normal,268700
622068,9600,6,8,856,1,1,3,6,0,271,1946,65,5,AZ,Amberton,2Story,Y,Normal,149500
853179,7200,4,5,0,2,0,2,6,0,420,1919,74,6,OH,Quailridge,1Story,Y,Normal,68000
686594,10994,8,5,1844,2,0,2,7,1,620,1974,80,11,NY,Kingsport,1Story,Y,Normal,544600
715120,13053,6,7,833,1,1,4,8,1,370,1944,77,9,WA,Westbrook,1Story,N,Normal,239500
481740,3635,7,5,1386,2,0,1,7,1,660,1961,36,3,FL,Orchard Bay,2Story,Y,Normal,214600
434275,11340,4,6,777,2,0,4,11,0,560,1918,83,5,CA,Cedar Park,Ranch,Y,Partial,204500
885008,16545,8,5,1284,2,1,3,7,1,1069,1966,77,8,IL,Millbrook,2Story,Y,Normal,336800
144311,9204,5,5,1144,1,1,3,6,0,336,1913,44,12,MA,Silverlake,Townhouse,Y,Normal,207600
675037,16381,6,5,1844,2,0,3,7,1,540,1951,94,5,CA,Fairview,Loft,Y,Normal,487900
979576,11700,6,6,708,2,1,3,7,1,776,1944,87,7,IN,Underhill,Loft,Y,Normal,148100
669267,4043,6,5,1069,2,0,2,4,1,440,1962,38,4,IL,Hazelton,Townhouse,Y,Normal,125900
256898,4435,6,5,848,1,0,1,3,0,420,1942,38,5,IL,Hazelton,Townhouse,N,Normal,92800
687976,19690,6,7,697,2,0,4,8,1,432,1952,95,5,NY,Lakeshore,1Story,N,Partial,253100
671480,9503,5,5,1024,1,0,2,6,1,484,1947,69,9,OH,Pembroke,2Story,Y,Normal,125300
905613,10721,6,6,1252,1,0,3,7,0,528,1926,66,5,IN,Verdant Oaks,2Story,Y,Normal,133900
127702,10944,7,5,1223,2,1,3,5,2,525,1968,,9,NC,Xavier Park,SplitLevel,N,Normal,180400
486259,10930,5,6,913,1,1,3,6,1,288,1934,78,3,OH,Quailridge,2Story,N,Normal,110300
691802,7200,5,7,788,1,0,2,4,2,240,1936,,6,AZ,Deerfield,1Story,N,Abnorml,109900
146646,12546,6,7,1440,2,0,3,7,1,467,1958,86,10,CO,Belmont,1Story,Y,Normal,232900
615291,21930,5,5,732,2,1,4,7,1,372,1951,,7,AZ,Edgewater,2Story,N,Partial,140500
192603,4928,6,6,958,2,0,2,5,0,440,1922,50,4,FL,Quinton,1Story,Y,Partial,213800
537588,10800,4,6,656,2,0,4,5,0,216,1938,70,4,NY,Ironbridge,2Story,Y,Normal,172900
433701,10261,6,5,936,2,1,3,8,1,451,1939,80,4,WA,Vinehill,SplitLevel,Y,Normal,199700
904291,17400,5,5,1126,2,0,3,5,1,484,1939,91,5,IN,Underhill,1Story,Y,Normal,145800
335128,8400,6,9,1319,1,1,3,7,1,462,1950,75,12,CA,Greenfield,2Story,N,Normal,436600
920245,9000,4,6,864,1,0,3,5,0,528,1930,71,10,IN,Underhill,1Story,N,Family,76200
702416,12444,8,5,1932,2,0,2,7,1,774,1939,74,4,IL,Millbrook,Loft,Y,Normal,322700
983545,7407,6,7,912,1,0,2,6,0,923,1963,58,10,WA,Yorkfield,1Story,Y,Normal,220200
300042,11584,7,6,539,2,1,3,6,1,550,1975,78,12,FL,Stonegate,Townhouse,Y,Normal,191700
131483,11526,6,7,588,2,0,3,11,1,672,1971,77,7,CA,Cedar Park,2Story,Y,Normal,300000
691721,4426,6,5,848,1,0,1,3,1,420,1946,46,7,IN,Willowbrook,1Story,Y,Normal,129800
483236,11003,10,5,1017,2,1,3,10,1,812,1967,77,11,NC,Valley Forge,2Story,Y,Normal,415300
435933,8854,6,6,952,1,0,2,4,1,192,1958,64,11,TX,Ivy Ridge,2Story,Y,Normal,134600
388198,8500,7,5,1422,2,0,3,7,0,626,1943,69,3,FL,Prairie View,Ranch,Y,Normal,245400
394194,8400,6,5,814,1,0,3,6,0,240,1948,76,7,CA,Northgate,Townhouse,Y,Family,208500
415489,26142,5,7,1188,1,0,3,6,0,312,1945,108,4,NY,Maplewood,Ranch,N,Partial,236800
849272,10000,8,5,1220,2,1,3,8,1,556,1981,72,5,FL,Redstone,Ranch,Y,Normal,323000
613200,11767,4,7,560,1,1,2,6,0,384,1950,84,5,FL,Stonegate,SplitLevel,Y,Normal,146900
892146,1533,5,7,630,1,0,1,3,0,0,1922,33,11,CO,Belmont,Townhouse,Y,Partial,137800
531345,9000,5,5,896,2,2,4,8,0,0,1936,69,6,WA,Thornbury,Townhouse,N,Partial,183100
481908,9262,8,5,1573,2,0,3,7,1,840,1971,64,5,IN,Summit Park,Townhouse,Y,Normal,208500
861992,3675,5,5,547,1,0,2,5,0,525,1942,60,6,TX,Jamestown,Ranch,Y,Normal,128600
725826,17217,5,5,1140,1,0,3,6,0,0,1945,89,2,AZ,Amberton,SplitLevel,Y,Normal,95300
365018,7500,7,5,1221,2,0,2,6,0,400,1943,65,7,TX,Jamestown,Ranch,Y,Normal,184700
375806,7917,6,5,953,2,1,3,7,1,460,1950,67,1,MA,Quarry Bend,1Story,Y,Normal,232300
604080,13175,6,6,1542,2,0,3,7,2,500,1926,80,5,CA,Elmwood,1Story,Y,Normal,351400
208795,9042,7,9,1152,2,0,4,9,2,252,1951,57,9,IL,Kenwood,Loft,Y,Normal,255200
760251,9717,5,6,1078,1,0,2,5,0,240,1946,61,4,FL,Prairie View,1Story,N,Normal,141300
315317,9937,5,6,1256,1,1,3,6,0,276,1938,69,1,FL,Quinton,SplitLevel,N,Normal,138700
